-- phpMyAdmin SQL Dump
-- version 3.5.8.2
-- http://www.phpmyadmin.net
--
-- Host: localhost
-- Generation Time: Feb 05, 2015 at 04:44 PM
-- Server version: 5.5.41-37.0-log
-- PHP Version: 5.4.23

SET SQL_MODE="NO_AUTO_VALUE_ON_ZERO";
SET time_zone = "+00:00";


/*!40101 SET @OLD_CHARACTER_SET_CLIENT=@@CHARACTER_SET_CLIENT */;
/*!40101 SET @OLD_CHARACTER_SET_RESULTS=@@CHARACTER_SET_RESULTS */;
/*!40101 SET @OLD_COLLATION_CONNECTION=@@COLLATION_CONNECTION */;
/*!40101 SET NAMES utf8 */;

--
-- Database: `hallofh3_popboard2`
--

-- --------------------------------------------------------

--
-- Table structure for table `betaaccess`
--

DROP TABLE IF EXISTS `betaaccess`;
CREATE TABLE IF NOT EXISTS `betaaccess` (
  `id` int(11) NOT NULL AUTO_INCREMENT,
  `email` varchar(70) COLLATE utf8_unicode_ci NOT NULL,
  PRIMARY KEY (`id`)
) ENGINE=InnoDB DEFAULT CHARSET=utf8 COLLATE=utf8_unicode_ci AUTO_INCREMENT=1 ;

-- --------------------------------------------------------

--
-- Table structure for table `categories`
--

DROP TABLE IF EXISTS `categories`;
CREATE TABLE IF NOT EXISTS `categories` (
  `id` int(11) NOT NULL AUTO_INCREMENT,
  `category` varchar(30) COLLATE utf8_unicode_ci DEFAULT NULL,
  `cat_displayname` varchar(20) COLLATE utf8_unicode_ci DEFAULT NULL,
  `description` varchar(140) COLLATE utf8_unicode_ci DEFAULT NULL,
  `num_posts` int(11) DEFAULT '0',
  `num_comments` int(11) DEFAULT '0',
  `listorder` int(2) DEFAULT NULL,
  PRIMARY KEY (`id`)
) ENGINE=InnoDB  DEFAULT CHARSET=utf8 COLLATE=utf8_unicode_ci AUTO_INCREMENT=15 ;

--
-- Dumping data for table `categories`
--

INSERT INTO `categories` (`id`, `category`, `cat_displayname`, `description`, `num_posts`, `num_comments`, `listorder`) VALUES
(1, 'general', 'General Talk', 'General discussion about anything', 24, 18, 1),
(2, 'tech', 'Tech Talk', 'For everything Tech related', 2, 7, 2),
(3, 'photography', 'Photography', 'Beautiful photos from around the world', 1, 0, 3),
(4, 'food', 'Food', 'The best recipes and foods around the world', 17, 9, 4),
(5, 'music', 'Music', 'For all music lovers', 0, 0, 5),
(6, 'tv', 'TV shows, episodes, and more', 0, 0, 6),
(7, 'sports', 'Sports', 'Sports, teams, and everything else', 0, 0, 7),
(8, 'celebrities', 'Celebrity Talk', 'All about celebrity life, gossips, and more', 0, 0, 8),
(9, 'politics', 'Politics', 'Political discussions from around the world', 0, 0, 9),
(10, 'science', 'Science', 'For all science-related news and discussions', 0, 0, 10),
(11, 'education', 'Education', 'Educational related discussions', 0, 0, 11),
(12, 'gaming', 'Gaming', 'For all the Gamers', 2, 0, 12),
(13, 'fashion', 'Fashion', 'All fashion related discussions', 5, 0, 13),
(14, 'news', 'News', 'The latest news from all around the world', 1, 0, 14);

-- --------------------------------------------------------

--
-- Table structure for table `comments`
--

DROP TABLE IF EXISTS `comments`;
CREATE TABLE IF NOT EXISTS `comments` (
  `id` int(11) NOT NULL AUTO_INCREMENT,
  `usrname` varchar(30) COLLATE utf8_unicode_ci DEFAULT NULL,
  `post_id` int(11) DEFAULT NULL,
  `user_id` int(11) DEFAULT NULL,
  `comment_post` text COLLATE utf8_unicode_ci,
  `comment_date` datetime DEFAULT NULL,
  `deleted` binary(1) DEFAULT '0',
  PRIMARY KEY (`id`),
  KEY `user_id` (`user_id`)
) ENGINE=InnoDB  DEFAULT CHARSET=utf8 COLLATE=utf8_unicode_ci AUTO_INCREMENT=52 ;


-- --------------------------------------------------------

--
-- Table structure for table `confirm`
--

DROP TABLE IF EXISTS `confirm`;
CREATE TABLE IF NOT EXISTS `confirm` (
  `id` int(11) NOT NULL AUTO_INCREMENT,
  `userid` varchar(128) COLLATE utf8_unicode_ci NOT NULL DEFAULT '',
  `key` varchar(128) COLLATE utf8_unicode_ci NOT NULL DEFAULT '',
  `email` varchar(250) COLLATE utf8_unicode_ci DEFAULT NULL,
  PRIMARY KEY (`id`)
) ENGINE=InnoDB  DEFAULT CHARSET=utf8 COLLATE=utf8_unicode_ci AUTO_INCREMENT=1088 ;

-- --------------------------------------------------------

--
-- Table structure for table `groupinvites`
--

DROP TABLE IF EXISTS `groupinvites`;
CREATE TABLE IF NOT EXISTS `groupinvites` (
  `id` int(11) NOT NULL AUTO_INCREMENT,
  `user_id` int(11) DEFAULT NULL,
  `group_id` int(11) DEFAULT NULL,
  `pending` binary(1) NOT NULL DEFAULT '1',
  `rejected` binary(1) NOT NULL DEFAULT '0',
  `daterequest` datetime DEFAULT NULL,
  PRIMARY KEY (`id`)
) ENGINE=InnoDB DEFAULT CHARSET=utf8 COLLATE=utf8_unicode_ci AUTO_INCREMENT=1 ;

-- --------------------------------------------------------

--
-- Table structure for table `groups`
--

DROP TABLE IF EXISTS `groups`;
CREATE TABLE IF NOT EXISTS `groups` (
  `group_id` int(11) NOT NULL AUTO_INCREMENT,
  `groupname` varchar(30) COLLATE utf8_unicode_ci DEFAULT NULL,
  `group_url` varchar(40) COLLATE utf8_unicode_ci DEFAULT NULL,
  `founder` varchar(30) COLLATE utf8_unicode_ci NOT NULL,
  `about` text COLLATE utf8_unicode_ci,
  `num_members` int(11) DEFAULT '0',
  `location` varchar(30) COLLATE utf8_unicode_ci DEFAULT NULL,
  `datecreated` date NOT NULL,
  `img_url` varchar(40) COLLATE utf8_unicode_ci NOT NULL DEFAULT '/images/group.jpg',
  `banner_img` varchar(40) COLLATE utf8_unicode_ci DEFAULT NULL,
  `private` binary(1) DEFAULT '0',
  PRIMARY KEY (`group_id`),
  UNIQUE KEY `groupname` (`groupname`)
) ENGINE=InnoDB  DEFAULT CHARSET=utf8 COLLATE=utf8_unicode_ci AUTO_INCREMENT=3 ;

--
-- Dumping data for table `groups`
--

INSERT INTO `groups` (`group_id`, `groupname`, `group_url`, `founder`, `about`, `num_members`, `location`, `datecreated`, `img_url`, `banner_img`, `private`) VALUES
(1, 'Import Underground', 'import-underground', 'importunderground', 'Import Underground Group', 3, 'San Francisco, CA', '2013-12-10', '/images/group.jpg', '/images/groupbanner1.jpg', '0'),
(2, 'Baseline', 'baseline', 'iamalfonse', 'Baseline Group based in the Bay Area', 2, 'Bay Area, CA', '2013-12-19', '/userimages/89571a6a/1406075693852.jpg', '/images/groupbanner2.jpg', '0');

-- --------------------------------------------------------

--
-- Table structure for table `forgotpassword`
--

DROP TABLE IF EXISTS `forgotpassword`;
CREATE TABLE IF NOT EXISTS `forgotpassword` (
  `id` int(11) NOT NULL AUTO_INCREMENT,
  `key` varchar(128) COLLATE utf8_unicode_ci NOT NULL DEFAULT '',
  `email` varchar(250) COLLATE utf8_unicode_ci DEFAULT NULL,
  PRIMARY KEY (`id`)
) ENGINE=InnoDB DEFAULT CHARSET=utf8 COLLATE=utf8_unicode_ci AUTO_INCREMENT=1 ;

-- --------------------------------------------------------

--
-- Table structure for table `likes`
--

DROP TABLE IF EXISTS `likes`;
CREATE TABLE IF NOT EXISTS `likes` (
  `id` int(11) NOT NULL AUTO_INCREMENT,
  `user_id` int(11) DEFAULT NULL,
  `post_id` int(11) DEFAULT NULL,
  `post_user_id` int(10) DEFAULT NULL,
  PRIMARY KEY (`id`),
  KEY `id` (`id`)
) ENGINE=InnoDB  DEFAULT CHARSET=utf8 COLLATE=utf8_unicode_ci AUTO_INCREMENT=593 ;

--
-- Dumping data for table `likes`
--

INSERT INTO `likes` (`id`, `user_id`, `post_id`, `post_user_id`) VALUES
(3, 2, 1, 1),
(130, 23, 2, 2),
(136, 23, 7, 3),
(154, 23, 9, 1),
(155, 23, 6, 3),
(157, 26, 8, 23),
(158, 1, 9, 1),
(160, 1, 2, 2),
(163, 1, 7, 3),
(171, 31, 3, 5),
(172, 31, 8, 23),
(175, 31, 9, 1),
(176, 31, 2, 2),
(177, 31, 1, 1),
(186, 31, 13, 1),
(188, 31, 14, 31),
(206, 1, 16, 1),
(251, 23, 16, 1),
(265, 23, 8, 23),
(297, 23, 12, 26),
(299, 23, 13, 1),
(300, 23, 10, 1),
(302, 31, 15, 31),
(305, 1, 15, 31),
(310, 1, 13, 1),
(311, 1, 10, 1),
(322, 1, 6, 3),
(323, 1, 5, 6),
(324, 1, 4, 4),
(325, 1, 19, 1),
(327, 1, 21, 1),
(329, 23, 19, 1),
(331, 23, 21, 1),
(332, 23, 15, 31),
(336, 31, 22, 1),
(338, 31, 23, 1),
(368, 1, 22, 1),
(370, 1, 23, 1),
(372, 1, 18, 1),
(375, 1, 17, 23),
(376, 1, 14, 31),
(377, 1, 12, 26),
(378, 23, 22, 1),
(379, 23, 23, 1),
(380, 23, 20, 1),
(381, 23, 18, 1),
(382, 23, 17, 23),
(383, 31, 16, 1),
(384, 31, 17, 23),
(385, 31, 18, 1),
(386, 31, 19, 1),
(387, 31, 20, 1),
(388, 31, 21, 1),
(391, 23, 28, 1),
(392, 23, 27, 1),
(393, 1, 1, 1),
(399, 1, 27, 1),
(400, 1, 28, 1),
(404, 1, 29, 1),
(405, 23, 29, 1),
(409, 23, 30, 1),
(410, 23, 31, 1),
(414, 1, 31, 1),
(415, 1, 32, 1),
(416, 1, 30, 1),
(417, 1, 20, 1),
(418, 2, 32, 1),
(419, 2, 9, 1),
(420, 2, 8, 23),
(425, 1, 34, 1),
(426, 31, 34, 1),
(427, 31, 32, 1),
(428, 23, 35, 23),
(429, 23, 36, 23),
(430, 1, 35, 23),
(431, 1, 38, 1),
(432, 1, 36, 23),
(433, 1, 37, 23),
(434, 34, 31, 1),
(435, 34, 30, 1),
(436, 34, 29, 1),
(437, 34, 38, 1),
(438, 34, 37, 23),
(439, 34, 36, 23),
(440, 34, 32, 1),
(441, 34, 21, 1),
(443, 23, 38, 1),
(444, 23, 37, 23),
(445, 2, 38, 1),
(446, 2, 37, 23),
(447, 2, 18, 1),
(448, 2, 17, 23),
(449, 2, 13, 1),
(450, 2, 10, 1),
(451, 25, 13, 1),
(452, 25, 9, 1),
(453, 25, 38, 1),
(454, 25, 17, 23),
(455, 25, 37, 23),
(456, 25, 10, 1),
(457, 25, 36, 23),
(458, 25, 21, 1),
(459, 25, 1, 1),
(460, 25, 39, 25),
(461, 34, 17, 23),
(462, 35, 39, 25),
(463, 35, 13, 1),
(464, 35, 17, 23),
(465, 35, 37, 23),
(466, 35, 38, 1),
(467, 35, 10, 1),
(468, 35, 40, 35),
(469, 1, 39, 25),
(470, 2, 29, 1),
(471, 2, 39, 25),
(472, 2, 40, 35),
(473, 2, 20, 1),
(474, 35, 41, 35),
(475, 35, 42, 35),
(476, 25, 43, 25),
(477, 25, 41, 35),
(478, 25, 42, 35),
(479, 25, 40, 35),
(480, 25, 44, 25),
(481, 1, 44, 25),
(482, 1, 42, 35),
(483, 2, 44, 25),
(484, 2, 42, 35),
(485, 2, 36, 23),
(486, 2, 41, 35),
(487, 34, 39, 25),
(488, 34, 42, 35),
(489, 34, 44, 25),
(490, 34, 45, 34),
(491, 34, 9, 1),
(492, 34, 10, 1),
(493, 34, 13, 1),
(494, 34, 46, 34),
(495, 2, 45, 34),
(496, 25, 45, 34),
(497, 31, 39, 25),
(498, 31, 42, 35),
(499, 31, 44, 25),
(500, 31, 40, 35),
(501, 31, 41, 35),
(502, 31, 45, 34),
(503, 31, 46, 34),
(504, 28, 39, 25),
(505, 28, 42, 35),
(506, 28, 10, 1),
(507, 25, 16, 1),
(508, 34, 47, 25),
(509, 34, 48, 34),
(510, 34, 49, 34),
(511, 25, 48, 34),
(512, 25, 50, 25),
(513, 25, 31, 1),
(514, 25, 30, 1),
(515, 25, 29, 1),
(516, 34, 50, 25),
(517, 44, 50, 25),
(518, 44, 48, 34),
(519, 44, 45, 34),
(520, 44, 44, 25),
(521, 44, 42, 35),
(522, 44, 36, 23),
(523, 44, 32, 1),
(524, 44, 21, 1),
(525, 44, 9, 1),
(526, 44, 13, 1),
(527, 44, 38, 1),
(528, 44, 1, 2),
(529, 44, 16, 1),
(530, 44, 18, 1),
(531, 44, 20, 1),
(532, 44, 31, 1),
(533, 44, 51, 44),
(534, 44, 46, 34),
(535, 44, 19, 1),
(536, 44, 52, 45),
(537, 2, 52, 45),
(538, 2, 31, 1),
(539, 2, 51, 44),
(540, 2, 50, 25),
(541, 2, 48, 34),
(542, 2, 46, 34),
(543, 25, 52, 45),
(544, 1, 52, 45),
(545, 1, 41, 35),
(546, 1, 40, 35),
(547, 1, 48, 34),
(548, 1, 50, 25),
(549, 1, 49, 34),
(550, 2, 23, 1),
(551, 34, 53, 34),
(552, 34, 52, 45),
(553, 34, 51, 44),
(554, 34, 54, 34),
(555, 35, 54, 34),
(556, 35, 55, 35),
(557, 35, 51, 44),
(558, 35, 50, 25),
(559, 35, 48, 34),
(560, 35, 45, 34),
(561, 35, 44, 25),
(562, 35, 32, 1),
(563, 35, 21, 1),
(564, 35, 53, 34),
(565, 35, 56, 35),
(566, 35, 20, 1),
(567, 35, 19, 1),
(568, 1, 55, 35),
(569, 1, 54, 34),
(570, 35, 57, 35),
(571, 25, 57, 35),
(572, 1, 33, 1),
(573, 1, 57, 35),
(574, 1, 51, 44),
(575, 23, 46, 34),
(576, 23, 40, 35),
(577, 23, 57, 35),
(578, 23, 55, 35),
(579, 23, 54, 34),
(580, 23, 51, 44),
(581, 23, 50, 25),
(582, 23, 48, 34),
(583, 23, 45, 34),
(584, 23, 42, 35),
(585, 25, 35, 23),
(586, 25, 58, 25),
(587, 23, 58, 25),
(588, 23, 59, 23),
(589, 2, 60, 2),
(590, 25, 61, 25),
(591, 34, 61, 25),
(592, 34, 57, 35);

-- --------------------------------------------------------

--
-- Table structure for table `notifications`
--

DROP TABLE IF EXISTS `notifications`;
CREATE TABLE IF NOT EXISTS `notifications` (
  `id` int(11) NOT NULL AUTO_INCREMENT,
  `user_id` int(11) DEFAULT NULL,
  `from_user_id` int(11) DEFAULT NULL,
  `notification_type` varchar(30) COLLATE utf8_unicode_ci DEFAULT NULL,
  `notification` text COLLATE utf8_unicode_ci,
  `notification_date` datetime DEFAULT NULL,
  `read` binary(1) DEFAULT '0',
  PRIMARY KEY (`id`),
  KEY `user_id` (`user_id`),
  KEY `id` (`id`)
) ENGINE=InnoDB  DEFAULT CHARSET=utf8 COLLATE=utf8_unicode_ci AUTO_INCREMENT=219 ;

--
-- Dumping data for table `notifications`
--

INSERT INTO `notifications` (`id`, `user_id`, `from_user_id`, `notification_type`, `notification`, `notification_date`, `read`) VALUES
(38, 23, 1, 'like', '<a href=''/profile/alfonse''>Alfonse</a> liked your <a href=''/post/17/trying-to-add-more-features-to-popboard''>post</a>.', '2014-01-22 23:13:30', '1'),
(39, 31, 1, 'like', '<a href=''/profile/alfonse''>Alfonse</a> liked your <a href=''/post/14/new-test-post''>post</a>.', '2014-01-22 23:19:49', '1'),
(40, 26, 1, 'like', '<a href=''/profile/alfonse''>Alfonse</a> liked your <a href=''/post/12/the-last-day-of-school''>post</a>.', '2014-01-22 23:20:01', '0'),
(41, 1, 23, 'like', '<a href=''/profile/iamalfonse''>iamalfonse</a> liked your <a href=''/post/22/test-image''>post</a>.', '2014-01-22 23:33:06', '1'),
(42, 1, 23, 'like', '<a href=''/profile/iamalfonse''>iamalfonse</a> liked your <a href=''/post/23/oh-yeah-cuz-dayum''>post</a>.', '2014-01-22 23:33:09', '1'),
(43, 1, 23, 'like', '<a href=''/profile/iamalfonse''>iamalfonse</a> liked your <a href=''/post/20/sweet''>post</a>.', '2014-01-22 23:33:12', '1'),
(44, 1, 23, 'like', '<a href=''/profile/iamalfonse''>iamalfonse</a> liked your <a href=''/post/18/awesome''>post</a>.', '2014-01-22 23:33:15', '1'),
(45, 1, 31, 'like', '<a href=''/profile/test''>test</a> liked your <a href=''/post/16/sweetness''>post</a>.', '2014-01-22 23:41:32', '1'),
(46, 23, 31, 'like', '<a href=''/profile/test''>test</a> liked your <a href=''/post/17/trying-to-add-more-features-to-popboard''>post</a>.', '2014-01-22 23:41:35', '1'),
(47, 1, 31, 'like', '<a href=''/profile/test''>test</a> liked your <a href=''/post/18/awesome''>post</a>.', '2014-01-22 23:41:39', '1'),
(48, 1, 31, 'like', '<a href=''/profile/test''>test</a> liked your <a href=''/post/19/sauce-sauce''>post</a>.', '2014-01-22 23:41:41', '1'),
(49, 1, 31, 'like', '<a href=''/profile/test''>test</a> liked your <a href=''/post/20/sweet''>post</a>.', '2014-01-22 23:41:43', '1'),
(50, 1, 31, 'like', '<a href=''/profile/test''>test</a> liked your <a href=''/post/21/coolios''>post</a>.', '2014-01-22 23:41:46', '1'),
(51, 1, 23, 'comment', '<a href=''/profile/iamalfonse''>iamalfonse</a> commented on your <a href=''/post/23/oh-yeah-cuz-dayum''>post</a>.', '2014-01-23 00:23:17', '1'),
(52, 1, 23, 'like', '<a href=''/profile/iamalfonse''>iamalfonse</a> liked your <a href=''/post/28/just-testing-out-some-more-bugs''>post</a>.', '2014-01-24 16:06:11', '1'),
(53, 1, 23, 'like', '<a href=''/profile/iamalfonse''>iamalfonse</a> liked your <a href=''/post/27/this-needs-to-go-in-beta-soon''>post</a>.', '2014-01-24 16:06:12', '1'),
(54, 1, 23, 'like', '<a href=''/profile/iamalfonse''>iamalfonse</a> liked your <a href=''/post/29/awesome''>post</a>.', '2014-02-25 01:06:55', '1'),
(55, 1, 1, 'comment', '<a href=''/profile/alfonse''>Alfonse</a> commented on your <a href=''/post/31/testing-out-these-tags''>post</a>.', '2014-02-25 18:57:35', '1'),
(56, 1, 23, 'like', '<a href=''/profile/iamalfonse''>iamalfonse</a> liked your <a href=''/post/30/because-evo''>post</a>.', '2014-02-25 19:01:50', '1'),
(57, 1, 23, 'like', '<a href=''/profile/iamalfonse''>iamalfonse</a> liked your <a href=''/post/31/testing-out-these-tags''>post</a>.', '2014-02-25 19:01:52', '1'),
(58, 1, 23, 'comment', '<a href=''/profile/iamalfonse''>iamalfonse</a> commented on your <a href=''/post/31/testing-out-these-tags''>post</a>.', '2014-02-25 19:02:03', '1'),
(59, 1, 1, 'comment', '<a href=''/profile/alfonse''>Alfonse</a> commented on your <a href=''/post/32/dat-ww-evo-tho''>post</a>.', '2014-03-04 21:11:43', '1'),
(60, 1, 1, 'comment', '<a href=''/profile/alfonse''>Alfonse</a> commented on your <a href=''/post/32/dat-ww-evo-tho''>post</a>.', '2014-03-04 23:13:04', '1'),
(61, 1, 2, 'like', '<a href=''/profile/guest''>guest</a> liked your <a href=''/post/32/dat-ww-evo-tho''>post</a>.', '2014-05-14 16:23:41', '1'),
(62, 1, 2, 'like', '<a href=''/profile/guest''>guest</a> liked your <a href=''/post/9/pure-sexy''>post</a>.', '2014-05-14 16:23:45', '1'),
(63, 23, 2, 'like', '<a href=''/profile/guest''>guest</a> liked your <a href=''/post/8/whoa-awesomesauce''>post</a>.', '2014-05-14 16:51:33', '1'),
(64, 1, 31, 'comment', '<a href=''/profile/test''>test</a> commented on your <a href=''/post/34/badass-evo-tho''>post</a>.', '2014-06-13 08:35:35', '1'),
(65, 1, 31, 'like', '<a href=''/profile/test''>test</a> liked your <a href=''/post/34/badass-evo-tho''>post</a>.', '2014-06-13 08:51:32', '1'),
(66, 1, 31, 'like', '<a href=''/profile/test''>test</a> liked your <a href=''/post/32/dat-ww-evo-tho''>post</a>.', '2014-06-13 08:51:36', '1'),
(67, 23, 1, 'like', '<a href=''/profile/alfonse''>Alfonse</a> liked your <a href=''/post/35/rx7-orsupra''>post</a>.', '2014-06-23 23:48:39', '1'),
(68, 23, 1, 'joined', '<a href=''/profile/alfonse''>Alfonse</a> has joined your group.</a>.', '2014-06-24 00:43:35', '1'),
(69, 23, 1, 'like', '<a href=''/profile/alfonse''>Alfonse</a> liked your <a href=''/post/36/s2000-cruising''>post</a>.', '2014-06-23 18:48:35', '1'),
(70, 23, 1, 'like', '<a href=''/profile/alfonse''>Alfonse</a> liked your <a href=''/post/37/ashley-vee''>post</a>.', '2014-06-23 18:48:42', '1'),
(71, 1, 34, 'like', '<a href=''/profile/evox''>EvoX</a> liked your <a href=''/post/31/mean-rx7''>post</a>.', '2014-06-23 21:57:41', '1'),
(72, 1, 34, 'like', '<a href=''/profile/evox''>EvoX</a> liked your <a href=''/post/30/because-evo''>post</a>.', '2014-06-23 21:57:45', '1'),
(73, 1, 34, 'like', '<a href=''/profile/evox''>EvoX</a> liked your <a href=''/post/29/awesome''>post</a>.', '2014-06-23 21:57:48', '1'),
(74, 1, 34, 'like', '<a href=''/profile/evox''>EvoX</a> liked your <a href=''/post/38/dannie-riel''>post</a>.', '2014-06-23 21:57:57', '1'),
(75, 23, 34, 'like', '<a href=''/profile/evox''>EvoX</a> liked your <a href=''/post/37/ashley-vee''>post</a>.', '2014-06-23 21:58:00', '1'),
(76, 23, 34, 'like', '<a href=''/profile/evox''>EvoX</a> liked your <a href=''/post/36/s2000-cruising''>post</a>.', '2014-06-23 21:58:11', '1'),
(77, 1, 34, 'like', '<a href=''/profile/evox''>EvoX</a> liked your <a href=''/post/32/dat-ww-evo-tho''>post</a>.', '2014-06-23 21:58:13', '1'),
(78, 1, 34, 'like', '<a href=''/profile/evox''>EvoX</a> liked your <a href=''/post/21/coolios''>post</a>.', '2014-06-23 21:58:14', '1'),
(79, 1, 34, 'like', '<a href=''/profile/evox''>EvoX</a> liked your <a href=''/post/13/legends''>post</a>.', '2014-06-23 21:58:42', '1'),
(80, 1, 23, 'like', '<a href=''/profile/iamalfonse''>iamalfonse</a> liked your <a href=''/post/38/dannie-riel''>post</a>.', '2014-06-24 14:46:25', '1'),
(81, 1, 2, 'like', '<a href=''/profile/guest''>guest</a> liked your <a href=''/post/38/dannie-riel''>post</a>.', '2014-06-24 14:47:27', '1'),
(82, 23, 2, 'like', '<a href=''/profile/guest''>guest</a> liked your <a href=''/post/37/ashley-vee''>post</a>.', '2014-06-24 14:47:30', '1'),
(83, 1, 2, 'like', '<a href=''/profile/guest''>guest</a> liked your <a href=''/post/18/trinity-daaaaaaannnng''>post</a>.', '2014-06-24 14:47:48', '1'),
(84, 23, 2, 'like', '<a href=''/profile/guest''>guest</a> liked your <a href=''/post/17/jaro-sisters-are-so-damn-hot''>post</a>.', '2014-06-24 14:47:49', '1'),
(85, 1, 2, 'like', '<a href=''/profile/guest''>guest</a> liked your <a href=''/post/13/legends''>post</a>.', '2014-06-24 14:47:57', '1'),
(86, 1, 2, 'like', '<a href=''/profile/guest''>guest</a> liked your <a href=''/post/10/battling-legends''>post</a>.', '2014-06-24 14:48:01', '1'),
(87, 1, 25, 'like', '<a href=''/profile/havoc''>Havoc</a> liked your <a href=''/post/13/legends''>post</a>.', '2014-06-24 16:43:53', '1'),
(88, 1, 25, 'like', '<a href=''/profile/havoc''>Havoc</a> liked your <a href=''/post/9/pure-sexy''>post</a>.', '2014-06-24 16:43:57', '1'),
(89, 1, 25, 'like', '<a href=''/profile/havoc''>Havoc</a> liked your <a href=''/post/38/dannie-riel''>post</a>.', '2014-06-24 16:44:12', '1'),
(90, 23, 25, 'like', '<a href=''/profile/havoc''>Havoc</a> liked your <a href=''/post/17/jaro-sisters-are-so-damn-hot''>post</a>.', '2014-06-24 16:44:18', '1'),
(91, 23, 25, 'like', '<a href=''/profile/havoc''>Havoc</a> liked your <a href=''/post/37/ashley-vee''>post</a>.', '2014-06-24 16:44:20', '1'),
(92, 1, 25, 'like', '<a href=''/profile/havoc''>Havoc</a> liked your <a href=''/post/10/battling-legends''>post</a>.', '2014-06-24 16:44:23', '1'),
(93, 23, 25, 'like', '<a href=''/profile/havoc''>Havoc</a> liked your <a href=''/post/36/s2000-cruising''>post</a>.', '2014-06-24 16:44:40', '1'),
(94, 1, 25, 'comment', '<a href=''/profile/havoc''>Havoc</a> commented on your <a href=''/post/13/legends''>post</a>.', '2014-06-24 16:45:30', '1'),
(95, 1, 25, 'like', '<a href=''/profile/havoc''>Havoc</a> liked your <a href=''/post/21/coolios''>post</a>.', '2014-06-24 17:01:44', '1'),
(96, 1, 25, 'like', '<a href=''/profile/havoc''>Havoc</a> liked your <a href=''/post/1/import-underground-is-now-in-beta''>post</a>.', '2014-06-24 17:01:53', '1'),
(97, 1, 25, 'comment', '<a href=''/profile/havoc''>Havoc</a> commented on your <a href=''/post/1/import-underground-is-now-in-beta''>post</a>.', '2014-06-24 17:02:44', '1'),
(98, 23, 34, 'like', '<a href=''/profile/evox''>EvoX</a> liked your <a href=''/post/17/jaro-sisters-are-so-damn-hot''>post</a>.', '2014-06-24 17:37:33', '1'),
(99, 25, 35, 'like', '<a href=''/profile/jdm''>JDM</a> liked your <a href=''/post/39/blacked-out-frs''>post</a>.', '2014-06-24 17:46:27', '1'),
(100, 1, 35, 'like', '<a href=''/profile/jdm''>JDM</a> liked your <a href=''/post/13/legends''>post</a>.', '2014-06-24 17:46:44', '1'),
(101, 23, 35, 'like', '<a href=''/profile/jdm''>JDM</a> liked your <a href=''/post/17/jaro-sisters-are-so-damn-hot''>post</a>.', '2014-06-24 17:46:50', '1'),
(102, 23, 35, 'like', '<a href=''/profile/jdm''>JDM</a> liked your <a href=''/post/37/ashley-vee''>post</a>.', '2014-06-24 17:47:02', '1'),
(103, 1, 35, 'like', '<a href=''/profile/jdm''>JDM</a> liked your <a href=''/post/38/dannie-riel''>post</a>.', '2014-06-24 17:47:07', '1'),
(104, 1, 35, 'like', '<a href=''/profile/jdm''>JDM</a> liked your <a href=''/post/10/battling-legends''>post</a>.', '2014-06-24 17:47:10', '1'),
(105, 25, 1, 'like', '<a href=''/profile/alfonse''>Alfonse</a> liked your <a href=''/post/39/blacked-out-frs''>post</a>.', '2014-06-24 17:53:56', '1'),
(106, 1, 2, 'joined', '<a href=''/profile/importunderground''>ImportUnderground</a> has joined your group.</a>.', '2014-06-24 18:26:36', '1'),
(107, 2, 1, 'accepted', '<a href=''/profile/alfonse''>Alfonse</a> has accepted your invitation to join their group.</a>.', '2014-06-24 18:26:36', '1'),
(108, 1, 2, 'like', '<a href=''/profile/importunderground''>ImportUnderground</a> liked your <a href=''/post/29/awesome''>post</a>.', '2014-06-24 18:30:00', '1'),
(109, 25, 2, 'like', '<a href=''/profile/importunderground''>ImportUnderground</a> liked your <a href=''/post/39/blacked-out-frs''>post</a>.', '2014-06-24 18:37:46', '1'),
(110, 35, 2, 'like', '<a href=''/profile/importunderground''>ImportUnderground</a> liked your <a href=''/post/40/all-about-that-life-tho''>post</a>.', '2014-06-24 19:01:30', '1'),
(111, 1, 2, 'like', '<a href=''/profile/importunderground''>ImportUnderground</a> liked your <a href=''/post/20/sweet-s15''>post</a>.', '2014-06-24 19:01:35', '1'),
(112, 35, 25, 'like', '<a href=''/profile/havoc''>Havoc</a> liked your <a href=''/post/41/them-jaro-twins-tho''>post</a>.', '2014-06-24 21:52:36', '1'),
(113, 35, 25, 'like', '<a href=''/profile/havoc''>Havoc</a> liked your <a href=''/post/42/old-vs-new''>post</a>.', '2014-06-24 21:52:58', '1'),
(114, 35, 25, 'like', '<a href=''/profile/havoc''>Havoc</a> liked your <a href=''/post/40/all-about-that-life-tho''>post</a>.', '2014-06-24 23:08:50', '1'),
(115, 35, 25, 'comment', '<a href=''/profile/havoc''>Havoc</a> commented on your <a href=''/post/40/all-about-that-life-tho''>post</a>.', '2014-06-24 23:09:09', '1'),
(116, 25, 1, 'like', '<a href=''/profile/alfonse''>Alfonse</a> liked your <a href=''/post/44/beast-mode''>post</a>.', '2014-06-25 00:01:48', '1'),
(117, 35, 1, 'like', '<a href=''/profile/alfonse''>Alfonse</a> liked your <a href=''/post/42/old-vs-new''>post</a>.', '2014-06-25 00:01:50', '1'),
(118, 25, 2, 'like', '<a href=''/profile/importunderground''>ImportUnderground</a> liked your <a href=''/post/44/beast-mode''>post</a>.', '2014-06-25 09:58:26', '1'),
(119, 35, 2, 'like', '<a href=''/profile/importunderground''>ImportUnderground</a> liked your <a href=''/post/42/old-vs-new''>post</a>.', '2014-06-25 09:58:30', '1'),
(120, 23, 2, 'like', '<a href=''/profile/importunderground''>ImportUnderground</a> liked your <a href=''/post/36/s2000-cruising''>post</a>.', '2014-06-25 09:58:36', '1'),
(121, 35, 2, 'like', '<a href=''/profile/importunderground''>ImportUnderground</a> liked your <a href=''/post/41/them-jaro-twins-tho''>post</a>.', '2014-06-25 10:07:16', '1'),
(122, 25, 34, 'like', '<a href=''/profile/evox''>EvoX</a> liked your <a href=''/post/39/blacked-out-frs''>post</a>.', '2014-06-25 12:21:11', '1'),
(123, 35, 34, 'like', '<a href=''/profile/evox''>EvoX</a> liked your <a href=''/post/42/old-vs-new''>post</a>.', '2014-06-25 12:21:13', '1'),
(124, 25, 34, 'like', '<a href=''/profile/evox''>EvoX</a> liked your <a href=''/post/44/beast-mode''>post</a>.', '2014-06-25 12:21:15', '1'),
(125, 1, 34, 'like', '<a href=''/profile/evox''>EvoX</a> liked your <a href=''/post/10/battling-legends''>post</a>.', '2014-06-25 12:22:56', '1'),
(126, 1, 34, 'like', '<a href=''/profile/evox''>EvoX</a> liked your <a href=''/post/9/pure-sexy''>post</a>.', '2014-06-25 12:22:56', '1'),
(127, 1, 34, 'like', '<a href=''/profile/evox''>EvoX</a> liked your <a href=''/post/13/legends''>post</a>.', '2014-06-25 15:24:17', '1'),
(128, 34, 2, 'like', '<a href=''/profile/importunderground''>ImportUnderground</a> liked your <a href=''/post/45/damn-thats-clean''>post</a>.', '2014-06-25 18:13:55', '1'),
(129, 34, 25, 'like', '<a href=''/profile/havoc''>Havoc</a> liked your <a href=''/post/45/damn-thats-clean''>post</a>.', '2014-06-26 12:17:52', '1'),
(130, 25, 31, 'like', '<a href=''/profile/test''>test</a> liked your <a href=''/post/39/blacked-out-frs''>post</a>.', '2014-06-26 12:40:06', '1'),
(131, 35, 31, 'like', '<a href=''/profile/test''>test</a> liked your <a href=''/post/42/old-vs-new''>post</a>.', '2014-06-26 12:40:09', '1'),
(132, 25, 31, 'like', '<a href=''/profile/test''>test</a> liked your <a href=''/post/44/beast-mode''>post</a>.', '2014-06-26 12:40:20', '1'),
(133, 35, 31, 'like', '<a href=''/profile/test''>test</a> liked your <a href=''/post/40/all-about-that-life-tho''>post</a>.', '2014-06-26 12:40:35', '1'),
(134, 35, 31, 'like', '<a href=''/profile/test''>test</a> liked your <a href=''/post/41/them-jaro-twins-tho''>post</a>.', '2014-06-26 12:40:43', '1'),
(135, 34, 31, 'like', '<a href=''/profile/test''>test</a> liked your <a href=''/post/45/damn-thats-clean''>post</a>.', '2014-06-26 12:40:48', '1'),
(136, 34, 31, 'like', '<a href=''/profile/test''>test</a> liked your <a href=''/post/46/hate-it-when-that-happens''>post</a>.', '2014-06-26 12:41:00', '1'),
(137, 25, 28, 'like', '<a href=''/profile/errolv''>errolv</a> liked your <a href=''/post/39/blacked-out-frs''>post</a>.', '2014-06-26 12:49:41', '1'),
(138, 35, 28, 'like', '<a href=''/profile/errolv''>errolv</a> liked your <a href=''/post/42/old-vs-new''>post</a>.', '2014-06-26 12:49:44', '1'),
(139, 1, 28, 'like', '<a href=''/profile/errolv''>errolv</a> liked your <a href=''/post/10/battling-legends''>post</a>.', '2014-06-26 14:53:52', '1'),
(140, 1, 25, 'like', '<a href=''/profile/havoc''>Havoc</a> liked your <a href=''/post/16/gtr-vs-supra''>post</a>.', '2014-06-26 17:57:25', '1'),
(141, 25, 34, 'like', '<a href=''/profile/evox''>EvoX</a> liked your <a href=''/post/47/anyone-seen-the-gtr-2020-concept''>post</a>.', '2014-06-30 02:33:17', '1'),
(142, 34, 25, 'like', '<a href=''/profile/havoc''>Havoc</a> liked your <a href=''/post/48/nice-color''>post</a>.', '2014-07-03 11:22:05', '1'),
(143, 1, 25, 'like', '<a href=''/profile/havoc''>Havoc</a> liked your <a href=''/post/31/mean-rx7''>post</a>.', '2014-07-03 11:23:05', '1'),
(144, 1, 25, 'like', '<a href=''/profile/havoc''>Havoc</a> liked your <a href=''/post/30/because-evo''>post</a>.', '2014-07-03 11:23:08', '1'),
(145, 1, 25, 'like', '<a href=''/profile/havoc''>Havoc</a> liked your <a href=''/post/29/awesome''>post</a>.', '2014-07-03 11:23:11', '1'),
(146, 25, 34, 'like', '<a href=''/profile/evox''>EvoX</a> liked your <a href=''/post/50/clean''>post</a>.', '2014-07-07 15:27:04', '1'),
(147, 25, 44, 'like', '<a href=''/profile/infinitex86''>InfiniteX86</a> liked your <a href=''/post/50/clean''>post</a>.', '2014-07-08 16:39:14', '1'),
(148, 34, 44, 'like', '<a href=''/profile/infinitex86''>InfiniteX86</a> liked your <a href=''/post/48/nice-color''>post</a>.', '2014-07-08 16:39:25', '1'),
(149, 34, 44, 'like', '<a href=''/profile/infinitex86''>InfiniteX86</a> liked your <a href=''/post/45/damn-thats-clean''>post</a>.', '2014-07-08 16:39:31', '1'),
(150, 25, 44, 'like', '<a href=''/profile/infinitex86''>InfiniteX86</a> liked your <a href=''/post/44/beast-mode''>post</a>.', '2014-07-08 16:39:33', '1'),
(151, 35, 44, 'like', '<a href=''/profile/infinitex86''>InfiniteX86</a> liked your <a href=''/post/42/old-vs-new''>post</a>.', '2014-07-08 16:39:37', '1'),
(152, 23, 44, 'like', '<a href=''/profile/infinitex86''>InfiniteX86</a> liked your <a href=''/post/36/s2000-cruising''>post</a>.', '2014-07-08 16:39:42', '1'),
(153, 1, 44, 'like', '<a href=''/profile/infinitex86''>InfiniteX86</a> liked your <a href=''/post/32/dat-ww-evo-tho''>post</a>.', '2014-07-08 16:39:45', '1'),
(154, 1, 44, 'like', '<a href=''/profile/infinitex86''>InfiniteX86</a> liked your <a href=''/post/21/badass-x''>post</a>.', '2014-07-08 16:39:51', '1'),
(155, 1, 44, 'like', '<a href=''/profile/infinitex86''>InfiniteX86</a> liked your <a href=''/post/9/pure-sexy''>post</a>.', '2014-07-08 16:39:56', '1'),
(156, 1, 44, 'like', '<a href=''/profile/infinitex86''>InfiniteX86</a> liked your <a href=''/post/13/legends''>post</a>.', '2014-07-08 16:40:18', '1'),
(157, 1, 44, 'like', '<a href=''/profile/infinitex86''>InfiniteX86</a> liked your <a href=''/post/38/dannie-riel''>post</a>.', '2014-07-08 16:40:31', '1'),
(158, 2, 44, 'like', '<a href=''/profile/infinitex86''>InfiniteX86</a> liked your <a href=''/post/1/import-underground-is-now-in-beta''>post</a>.', '2014-07-08 16:40:42', '1'),
(159, 1, 44, 'like', '<a href=''/profile/infinitex86''>InfiniteX86</a> liked your <a href=''/post/16/gtr-vs-supra''>post</a>.', '2014-07-08 16:40:49', '1'),
(160, 1, 44, 'like', '<a href=''/profile/infinitex86''>InfiniteX86</a> liked your <a href=''/post/18/trinity-daaaaaaannnng''>post</a>.', '2014-07-08 16:40:51', '1'),
(161, 1, 44, 'like', '<a href=''/profile/infinitex86''>InfiniteX86</a> liked your <a href=''/post/20/sweet-s15''>post</a>.', '2014-07-08 16:40:53', '1'),
(162, 1, 44, 'like', '<a href=''/profile/infinitex86''>InfiniteX86</a> liked your <a href=''/post/31/mean-rx7''>post</a>.', '2014-07-08 17:05:04', '1'),
(163, 34, 44, 'like', '<a href=''/profile/infinitex86''>InfiniteX86</a> liked your <a href=''/post/46/hate-it-when-that-happens''>post</a>.', '2014-07-09 17:30:13', '1'),
(164, 1, 44, 'like', '<a href=''/profile/infinitex86''>InfiniteX86</a> liked your <a href=''/post/19/holy-shit''>post</a>.', '2014-07-09 17:30:19', '1'),
(165, 45, 44, 'like', '<a href=''/profile/infinitex86''>InfiniteX86</a> liked your <a href=''/post/52/kdm-unite-all-kias-hyundais-lets-do-this''>post</a>.', '2014-07-10 10:53:04', '0'),
(166, 45, 2, 'like', '<a href=''/profile/importunderground''>ImportUnderground</a> liked your <a href=''/post/52/kdm-unite-all-kias-hyundais-lets-do-this''>post</a>.', '2014-07-10 10:53:53', '0'),
(167, 45, 2, 'comment', '<a href=''/profile/importunderground''>ImportUnderground</a> commented on your <a href=''/post/52/kdm-unite-all-kias-hyundais-lets-do-this''>post</a>.', '2014-07-10 10:57:15', '0'),
(168, 1, 2, 'like', '<a href=''/profile/importunderground''>ImportUnderground</a> liked your <a href=''/post/31/mean-rx7''>post</a>.', '2014-07-10 11:02:47', '1'),
(169, 44, 2, 'like', '<a href=''/profile/importunderground''>ImportUnderground</a> liked your <a href=''/post/51/2jz-quad-turbo''>post</a>.', '2014-07-10 11:03:18', '1'),
(170, 25, 2, 'like', '<a href=''/profile/importunderground''>ImportUnderground</a> liked your <a href=''/post/50/clean''>post</a>.', '2014-07-10 11:03:21', '1'),
(171, 34, 2, 'like', '<a href=''/profile/importunderground''>ImportUnderground</a> liked your <a href=''/post/48/nice-color''>post</a>.', '2014-07-10 11:03:25', '1'),
(172, 34, 2, 'like', '<a href=''/profile/importunderground''>ImportUnderground</a> liked your <a href=''/post/46/hate-it-when-that-happens''>post</a>.', '2014-07-10 11:18:19', '1'),
(173, 45, 44, 'comment', '<a href=''/profile/infinitex86''>InfiniteX86</a> commented on your <a href=''/post/52/kdm-unite-all-kias-hyundais-lets-do-this''>post</a>.', '2014-07-10 17:15:40', '0'),
(174, 45, 25, 'like', '<a href=''/profile/havoc''>Havoc</a> liked your <a href=''/post/52/kdm-unite-all-kias-hyundais-lets-do-this''>post</a>.', '2014-07-11 12:55:11', '0'),
(175, 45, 1, 'like', '<a href=''/profile/alfonse''>Alfonse</a> liked your <a href=''/post/52/kdm-unite-all-kias-hyundais-lets-do-this''>post</a>.', '2014-07-11 18:29:30', '0'),
(176, 35, 1, 'like', '<a href=''/profile/alfonse''>Alfonse</a> liked your <a href=''/post/41/them-jaro-twins-tho''>post</a>.', '2014-07-12 19:34:51', '1'),
(177, 35, 1, 'like', '<a href=''/profile/alfonse''>Alfonse</a> liked your <a href=''/post/40/all-about-that-life-tho''>post</a>.', '2014-07-12 19:34:53', '1'),
(178, 34, 1, 'like', '<a href=''/profile/alfonse''>Alfonse</a> liked your <a href=''/post/48/nice-color''>post</a>.', '2014-07-12 19:34:56', '1'),
(179, 25, 1, 'like', '<a href=''/profile/alfonse''>Alfonse</a> liked your <a href=''/post/50/clean''>post</a>.', '2014-07-12 19:34:58', '1'),
(180, 34, 1, 'like', '<a href=''/profile/alfonse''>Alfonse</a> liked your <a href=''/post/49/damn-thats-hot''>post</a>.', '2014-07-12 19:35:03', '1'),
(181, 1, 2, 'like', '<a href=''/profile/importunderground''>ImportUnderground</a> liked your <a href=''/post/23/oh-yeah-cuz-dayum''>post</a>.', '2014-07-16 12:03:43', '1'),
(182, 45, 34, 'like', '<a href=''/profile/evox''>EvoX</a> liked your <a href=''/post/52/kdm-unite-all-kias-hyundais-lets-do-this''>post</a>.', '2014-07-17 09:58:58', '0'),
(183, 44, 34, 'like', '<a href=''/profile/evox''>EvoX</a> liked your <a href=''/post/51/2jz-quad-turbo''>post</a>.', '2014-07-17 09:59:02', '0'),
(184, 34, 35, 'like', '<a href=''/profile/jdm''>JDM</a> liked your <a href=''/post/54/ass-for-days''>post</a>.', '2014-07-17 16:18:20', '1'),
(185, 44, 35, 'like', '<a href=''/profile/jdm''>JDM</a> liked your <a href=''/post/51/2jz-quad-turbo''>post</a>.', '2014-07-18 18:14:29', '0'),
(186, 25, 35, 'like', '<a href=''/profile/jdm''>JDM</a> liked your <a href=''/post/50/clean''>post</a>.', '2014-07-18 18:14:31', '1'),
(187, 34, 35, 'like', '<a href=''/profile/jdm''>JDM</a> liked your <a href=''/post/48/nice-color''>post</a>.', '2014-07-18 18:14:33', '1'),
(188, 34, 35, 'like', '<a href=''/profile/jdm''>JDM</a> liked your <a href=''/post/45/damn-thats-clean''>post</a>.', '2014-07-18 18:14:37', '1'),
(189, 34, 35, 'comment', '<a href=''/profile/jdm''>JDM</a> commented on your <a href=''/post/45/damn-thats-clean''>post</a>.', '2014-07-18 18:16:08', '1'),
(190, 25, 35, 'like', '<a href=''/profile/jdm''>JDM</a> liked your <a href=''/post/44/beast-mode''>post</a>.', '2014-07-18 18:16:20', '1'),
(191, 1, 35, 'like', '<a href=''/profile/jdm''>JDM</a> liked your <a href=''/post/32/dat-ww-evo-tho''>post</a>.', '2014-07-18 18:16:28', '1'),
(192, 1, 35, 'like', '<a href=''/profile/jdm''>JDM</a> liked your <a href=''/post/21/badass-x''>post</a>.', '2014-07-18 18:16:30', '1'),
(193, 34, 35, 'like', '<a href=''/profile/jdm''>JDM</a> liked your <a href=''/post/53/no-words''>post</a>.', '2014-07-18 18:17:13', '1'),
(194, 1, 35, 'like', '<a href=''/profile/jdm''>JDM</a> liked your <a href=''/post/20/sweet-s15''>post</a>.', '2014-07-18 18:28:14', '1'),
(195, 1, 35, 'like', '<a href=''/profile/jdm''>JDM</a> liked your <a href=''/post/19/holy-shit''>post</a>.', '2014-07-18 18:28:16', '1'),
(196, 35, 1, 'like', '<a href=''/profile/alfonse''>Alfonse</a> liked your <a href=''/post/55/anyone-live-in-socal''>post</a>.', '2014-07-20 09:11:03', '1'),
(197, 34, 1, 'like', '<a href=''/profile/alfonse''>Alfonse</a> liked your <a href=''/post/54/ass-for-days''>post</a>.', '2014-07-20 09:11:18', '1'),
(198, 35, 25, 'like', '<a href=''/profile/havoc''>Havoc</a> liked your <a href=''/post/57/loving-this-rolling-shot''>post</a>.', '2014-07-22 10:50:30', '0'),
(199, 35, 25, 'comment', '<a href=''/profile/havoc''>Havoc</a> commented on your <a href=''/post/57/loving-this-rolling-shot''>post</a>.', '2014-07-22 10:50:52', '0'),
(200, 35, 1, 'like', '<a href=''/profile/alfonse''>Alfonse</a> liked your <a href=''/post/57/loving-this-rolling-shot''>post</a>.', '2014-07-22 17:31:07', '0'),
(201, 44, 1, 'like', '<a href=''/profile/alfonse''>Alfonse</a> liked your <a href=''/post/51/2jz-quad-turbo''>post</a>.', '2014-07-22 18:29:54', '0'),
(202, 34, 23, 'like', '<a href=''/profile/iamalfonse''>iamalfonse</a> liked your <a href=''/post/46/hate-it-when-that-happens''>post</a>.', '2014-07-22 21:01:16', '1'),
(203, 35, 23, 'like', '<a href=''/profile/iamalfonse''>iamalfonse</a> liked your <a href=''/post/40/all-about-that-life-tho''>post</a>.', '2014-07-22 21:01:18', '0'),
(204, 35, 23, 'like', '<a href=''/profile/iamalfonse''>iamalfonse</a> liked your <a href=''/post/57/loving-this-rolling-shot''>post</a>.', '2014-07-23 10:12:03', '0'),
(205, 35, 23, 'like', '<a href=''/profile/iamalfonse''>iamalfonse</a> liked your <a href=''/post/55/anyone-live-in-socal''>post</a>.', '2014-07-23 10:12:08', '0'),
(206, 34, 23, 'like', '<a href=''/profile/iamalfonse''>iamalfonse</a> liked your <a href=''/post/54/ass-for-days''>post</a>.', '2014-07-30 11:24:06', '1'),
(207, 44, 23, 'like', '<a href=''/profile/iamalfonse''>iamalfonse</a> liked your <a href=''/post/51/2jz-quad-turbo''>post</a>.', '2014-07-30 11:24:10', '0'),
(208, 25, 23, 'like', '<a href=''/profile/iamalfonse''>iamalfonse</a> liked your <a href=''/post/50/clean''>post</a>.', '2014-07-30 11:24:12', '1'),
(209, 34, 23, 'like', '<a href=''/profile/iamalfonse''>iamalfonse</a> liked your <a href=''/post/48/nice-color''>post</a>.', '2014-07-30 11:24:14', '1'),
(210, 34, 23, 'like', '<a href=''/profile/iamalfonse''>iamalfonse</a> liked your <a href=''/post/45/damn-thats-clean''>post</a>.', '2014-07-30 11:24:19', '1'),
(211, 35, 23, 'like', '<a href=''/profile/iamalfonse''>iamalfonse</a> liked your <a href=''/post/42/old-vs-new''>post</a>.', '2014-07-30 11:24:46', '0'),
(212, 23, 25, 'like', '<a href=''/profile/havoc''>Havoc</a> liked your <a href=''/post/35/rx7-orsupra''>post</a>.', '2014-08-12 11:24:45', '1'),
(213, 23, 25, 'joined', '<a href=''/profile/havoc''>Havoc</a> has joined your group.', '2014-08-12 11:25:13', '1'),
(214, 25, 23, 'accepted', '<a href=''/profile/iamalfonse''>iamalfonse</a> has accepted your invitation to join their group.', '2014-08-12 11:25:13', '1'),
(215, 25, 23, 'like', '<a href=''/profile/iamalfonse''>iamalfonse</a> liked your <a href=''/post/58/thanks-for-the-invite''>post</a>.', '2014-08-12 11:31:22', '1'),
(216, 25, 23, 'comment', '<a href=''/profile/iamalfonse''>iamalfonse</a> commented on your <a href=''/post/58/thanks-for-the-invite''>post</a>.', '2014-08-12 11:34:28', '1'),
(217, 25, 34, 'like', '<a href=''/profile/evox''>EvoX</a> liked your <a href=''/post/61/west-coast-collective-one-event''>post</a>.', '2014-10-21 11:30:55', '0'),
(218, 35, 34, 'like', '<a href=''/profile/evox''>EvoX</a> liked your <a href=''/post/57/loving-this-rolling-shot''>post</a>.', '2014-10-21 11:30:59', '0');

-- --------------------------------------------------------

--
-- Table structure for table `posts`
--

DROP TABLE IF EXISTS `posts`;
CREATE TABLE IF NOT EXISTS `posts` (
  `id` int(11) NOT NULL AUTO_INCREMENT,
  `user_id` int(11) DEFAULT NULL,
  `blog_title` varchar(100) COLLATE utf8_unicode_ci DEFAULT NULL,
  `blog_message` mediumtext COLLATE utf8_unicode_ci,
  `category` varchar(60) COLLATE utf8_unicode_ci DEFAULT NULL,
  `group_id` int(11) DEFAULT NULL,
  `post_date` datetime DEFAULT NULL,
  `views` int(11) NOT NULL DEFAULT '0',
  `likes` int(11) NOT NULL DEFAULT '0',
  `comments` int(11) NOT NULL DEFAULT '0',
  `post_updated` datetime DEFAULT NULL,
  `deleted` binary(1) DEFAULT '0',
  PRIMARY KEY (`id`),
  KEY `user_id` (`user_id`),
  KEY `id` (`id`)
) ENGINE=InnoDB  DEFAULT CHARSET=utf8 COLLATE=utf8_unicode_ci AUTO_INCREMENT=62 ;

-- --------------------------------------------------------

--
-- Table structure for table `users`
--

DROP TABLE IF EXISTS `users`;
CREATE TABLE IF NOT EXISTS `users` (
  `user_id` int(11) NOT NULL AUTO_INCREMENT,
  `username` varchar(30) COLLATE utf8_unicode_ci NOT NULL,
  `email` varchar(70) COLLATE utf8_unicode_ci NOT NULL,
  `passwd` char(40) COLLATE utf8_unicode_ci NOT NULL,
  `displayname` varchar(30) COLLATE utf8_unicode_ci NOT NULL,
  `active` binary(1) NOT NULL DEFAULT '0',
  `setup` binary(1) DEFAULT '0',
  `joindate` date DEFAULT NULL,
  `birthdate` date DEFAULT NULL,
  `bio` text COLLATE utf8_unicode_ci,
  `location` varchar(60) COLLATE utf8_unicode_ci DEFAULT NULL,
  `car` varchar(60) COLLATE utf8_unicode_ci DEFAULT NULL,
  `profileimg` varchar(40) COLLATE utf8_unicode_ci DEFAULT NULL,
  `profilebg` varchar(40) COLLATE utf8_unicode_ci DEFAULT NULL,
  `total_posts` int(11) DEFAULT '0',
  `total_comments` int(11) DEFAULT '0',
  `total_likes` int(11) DEFAULT '0',
  `lvl` tinyint(4) DEFAULT '0',
  `total_xp` int(11) NOT NULL DEFAULT '0',
  `total_gp` int(11) DEFAULT '0',
  `group_id` int(11) DEFAULT NULL,
  `session_hash` varchar(32) COLLATE utf8_unicode_ci DEFAULT NULL,
  PRIMARY KEY (`user_id`),
  UNIQUE KEY `username` (`username`),
  UNIQUE KEY `email` (`email`),
  KEY `user_id` (`user_id`)
) ENGINE=InnoDB  DEFAULT CHARSET=utf8 COLLATE=utf8_unicode_ci AUTO_INCREMENT=1082 ;

--
-- Dumping data for table `users`
--

INSERT INTO `users` (`user_id`, `username`, `email`, `passwd`, `displayname`, `active`, `setup`, `joindate`, `birthdate`, `bio`, `location`, `car`, `profileimg`, `profilebg`, `total_posts`, `total_comments`, `total_likes`, `lvl`, `total_xp`, `total_gp`, `group_id`, `session_hash`) VALUES
(1, 'alfonse', 'bboyhavoc7@yahoo.com', 'ca058b136319a9664d38737989dde13ce5563f9d', 'Alfonse', '1', '1', '2012-05-30', '1984-05-04', 'Web UI/UX designer located in San Francisco, CA', 'San Francisco, CA', 'Lancer Evo X', 'userimages/301517a1/1399937571adb.jpg', 'radial-blue ', 20, 19, 91, 4, 329, 0, 1, '35e944372b3d5ed356e0d0522b475ee8'),
(2, 'importunderground', 'support@importunderground.com', '7598f9ec7694a3f477f39f5e8daeaa23c3bbb471', 'ImportUnderground', '1', '1', '2012-05-31', '1984-05-04', 'Import Underground', 'Bay Area, CA', '2010 Evo X', 'userimages/fca22867/14036565791a7.jpg', 'radial-blue ', 1, 1, 2, 0, 14, 0, 1, '197b02594b3d6f4d9d8330db40bcfce4'),
(3, 'roman', 'roman@romandiaz.me', '238a1843d81dd7fbe80b5c1b99515c4ba8c94d0d', 'Roman', '1', '0', '2012-05-31', NULL, NULL, '', '', NULL, NULL, 0, 0, 0, 0, 0, 0, NULL, '0'),
(4, '123', 'hello', '40bd001563085fc35165329ea1ff5c5ecbdbbeef', '123', '1', '0', '2012-05-31', NULL, NULL, '', '', NULL, NULL, 0, 0, 0, 0, 0, 0, NULL, '0'),
(5, 'kosta', 'konstandinosgoumenidis@gmail.com', 'e0bc2557be8fc085e6699d6585e6991cbea5e6ca', 'Kosta', '1', '0', '2012-05-31', NULL, NULL, '', '', NULL, NULL, 0, 0, 0, 0, 0, 0, NULL, '0'),
(6, 'iansayre', 'isayre020888@gmail.com', '4ed1c2b242d618bc70b56fea528b558e31334937', 'iansayre', '1', '0', '2012-05-31', NULL, NULL, '', '', NULL, NULL, 0, 0, 0, 0, 0, 0, NULL, '0'),
(23, 'iamalfonse', 'alfonse.surigao@yahoo.com', '7598f9ec7694a3f477f39f5e8daeaa23c3bbb471', 'iamalfonse', '1', '1', '2012-05-31', NULL, 'Web Designer', 'San Francisco, CA', '2010 Evo X', 'userimages/89571a6a/1393268270de5.jpeg', NULL, 6, 10, 27, 2, 107, 0, 2, 'b00814c6e66f3c7a1e1a0e5e89822515'),
(25, 'havoc', 'me@alfonsewebdesign.com', 'ca058b136319a9664d38737989dde13ce5563f9d', 'Havoc', '1', '1', '2012-06-07', '1984-05-04', '', 'USA', '240SX', 'userimages/1bcb0e24/1403649698ab4.jpg', 'green', 7, 4, 27, 2, 104, 0, 2, '01c3b8162944b19243a3696dfab20b4c'),
(26, 'maxkelly', 'makelly@aii.edu', '89e495e7941cf9e40e6980d14a16bf023ccd4c91', 'MaxKelly', '1', '0', '2012-06-14', NULL, 'too old', '', '', NULL, NULL, 0, 0, -1, 0, 0, 0, NULL, '0'),
(27, 'rookhaven', 'rookhaven@gmail.com', '312c7d157f8cf74a481e9047518d8ba83d186923', 'rookhaven', '1', '0', '2012-08-08', NULL, NULL, '', '', NULL, NULL, 0, 0, 0, 0, 0, 0, NULL, '0'),
(28, 'errolv', 'errolveloso@gmail.com', '7598f9ec7694a3f477f39f5e8daeaa23c3bbb471', 'errolv', '1', '1', '2012-08-30', '1988-08-16', '', 'San Francisco', 'Honda Accord', NULL, NULL, 0, 0, 0, 0, 0, 0, 1, '1eb881153d9a92355d3ca3301a43e95d'),
(29, 'hello', 'a@hotmail.com', '7598f9ec7694a3f477f39f5e8daeaa23c3bbb471', 'Hello', '0', '0', '2012-09-13', NULL, NULL, '', '', NULL, NULL, 0, 0, 0, 0, 0, 0, NULL, '0'),
(30, 'try', 'hello@me.com', '5baa61e4c9b93f3f0682250b6cf8331b7ee68fd8', 'try', '0', '0', '2012-10-09', NULL, NULL, '', '', NULL, NULL, 0, 0, 0, 0, 0, 0, NULL, '0'),
(31, 'test', 'testuser@popboard.hallofhavoc.com', 'ca058b136319a9664d38737989dde13ce5563f9d', 'test', '1', '1', '2012-10-11', NULL, 'I''m the test user', 'Bay Area, CA', 'RX7', NULL, NULL, 2, 8, 5, 1, 41, 0, NULL, 'a4f966c5fb8c453281e5665fa8e006ca'),
(32, 'popboard', 'popboard.user@gmail.com', '4292c45f46982a794a4e59b0f68604938f418316', 'Popboard', '1', '0', '2013-01-23', NULL, 'Hi, I am a Popboard user.', '', '', NULL, NULL, 0, 0, 0, 0, 0, 0, NULL, '0'),
(34, 'evox', 'alfonse.surigao@gmail.com', '7598f9ec7694a3f477f39f5e8daeaa23c3bbb471', 'EvoX', '1', '1', '2014-06-23', '1984-05-04', 'Evo X Guy', 'San Francisco, CA', 'Evo X', 'userimages/df348973/140358216650d.jpg', NULL, 6, 0, 27, 2, 87, 0, NULL, '08200bf991bd43849bb760c81ff329a7'),
(35, 'jdm', 'havocthebeast@gmail.com', '7598f9ec7694a3f477f39f5e8daeaa23c3bbb471', 'JDM', '1', '1', '2014-06-24', '1984-05-04', 'JDM Import Cars ', '', '2012 Scion FR-S', 'userimages/171b8ea3/1403653414168.jpg', NULL, 6, 1, 29, 2, 83, 0, NULL, '346487436b4ef2d3a3d1de3749685c43'),
(36, 'deejsfc', 'Djfrias26@yahoo.com', 'bb0cc4c2c733ba8dde14151706eedfd06ead34f1', 'deejsfc', '1', '1', '2014-06-24', '1990-05-26', '', 'Bay Area', '', NULL, NULL, 0, 0, 0, 0, 0, 0, NULL, '649e0598999952b75e5dcfac7b025335'),
(37, 'yxjorgexy', 'jaorozco09@gmail.com', '357413f4c67d939fe84367ea43df2c4d7cdf54a5', 'YXJORGEXY', '1', '1', '2014-06-25', '1991-01-09', '', 'Austin, TX', 'Mitsubishi Evo X ', 'userimages/9b27c65a/14036779031f0.JPG', 'black', 0, 0, 0, 0, 0, 0, NULL, '727c1ac88da2bee490feabef57e6d1d5'),
(38, 'akr', 'niger4560@mail.ru', 'd02251d34e2336b533cadf6616c856a8fc0de726', 'AKr', '0', '0', '2014-06-25', NULL, NULL, NULL, NULL, NULL, NULL, 0, 0, 0, 0, 0, 0, NULL, NULL),
(39, 'a', 'awesome@email.com', '86f7e437faa5a7fce15d1ddcb9eaeaea377667b8', 'a', '0', '0', '2014-06-25', NULL, NULL, NULL, NULL, NULL, NULL, 0, 0, 0, 0, 0, 0, NULL, NULL),
(40, 'bo0stedx', 'o3impulse@gmail.com', '724f7028667a1a83c3c3cc15b4806e13d4353c5f', 'Bo0stedX', '1', '1', '2014-06-25', '1988-06-12', '', 'Long Island', 'Evo X', NULL, NULL, 0, 0, 0, 0, 0, 0, NULL, '2c4a98437f8365cfd1a33e840c58f54f'),
(41, 'animalpak', 'ccammisa84@gmail.com', 'e66f6ad2e04d4eced7578aebe732cf31b6d211cd', 'animalpak', '1', '1', '2014-06-26', '1984-08-13', '', 'PA', 'Evo', NULL, NULL, 0, 0, 0, 0, 0, 0, NULL, '91c6418198d1682c1080c68aa2786513'),
(42, 'jamesnificent007', 'jamesnificent@gmail.com', '9d6cbfdbeb6be9f00b5289085e67d8d3b19ed590', 'Jamesnificent007', '1', '1', '2014-06-30', '1989-11-05', 'hot', '', '', 'userimages/66e60384/1404141745ba3.jpeg', NULL, 0, 0, 0, 0, 0, 0, NULL, '1566ab46aacb248d492aefcda8944f4e'),
(43, 'mattboudreau4', 'mattboudreau4@yahoo.com', '93df450343be55058674de96f213b9df10170e61', 'mattboudreau4', '1', '1', '2014-07-03', '1996-02-29', 'i love cars and really want an sti', 'berkshire county', '1999 chevy lumina', NULL, NULL, 0, 0, 0, 0, 0, 0, NULL, 'b6146d5d5f16d1e98628e676f6ef69bf'),
(44, 'infinitex86', 'asurigao@hallofhavoc.com', '7598f9ec7694a3f477f39f5e8daeaa23c3bbb471', 'InfiniteX86', '1', '1', '2014-07-08', '1986-03-26', '', 'So Cal', '1996 MKIV Supra', 'userimages/69dcd4ad/1404852197346.jpg', 'black', 1, 1, 6, 0, 14, 0, NULL, '444522f26c92530cefcd77a57a2cf0c2'),
(45, 'toshtrepif', 'trepif@gmail.com', 'acc4bcfc7e8521e7d4fa11f06ac4b29c6ee1f106', 'Toshtrepif', '1', '1', '2014-07-09', '1992-02-10', 'I have a 2014 Kia Soul+ and used to have a 2013 Soul+. Before my Souls, I owned a 2004 Honda Civic Dx Sedan. ', 'Central Arkansas', '2014 KIA Soul+', 'userimages/872560e8/14049609047c8.JPG', NULL, 1, 0, 5, 0, 10, 0, NULL, 'a7c318a1fc59223e1b306f02835edc05'),
(46, 'lethal', 'lethalphonenix@gmail.com', '21b9b2b839ab0a53e30844659af9565833d409ed', 'lethal', '1', '1', '2014-07-12', '1987-08-17', 'Turbo Power', 'USA', '1989 Chrysler Lebaron', NULL, NULL, 0, 0, 0, 0, 0, 0, NULL, 'cca724514c23c76d0b020a4fc1c58a0c'),
(47, 'hellaflush', 'tunerhead5798@yahoo.com', 'a04f0c88a1544e51a03d9644c96d54f26cc82d65', 'Hellaflush', '0', '0', '2014-07-22', NULL, NULL, NULL, NULL, NULL, NULL, 0, 0, 0, 0, 0, 0, NULL, NULL),
(48, 'tuners', 'gearhead5798@yahoo.com', 'a04f0c88a1544e51a03d9644c96d54f26cc82d65', 'Tuners', '1', '1', '2014-07-22', '1998-04-30', 'love tuners and the car scene....sadly dont have a tuner yet but plan on building one any tips would be greatly appreci ', 'Indiana', 'plan on building a tuner soon', NULL, NULL, 0, 0, 0, 0, 0, 0, NULL, '5a86ab0fe712a1c2415d17b8e23f0c28'),
(49, 'speedlab', 'wac932@yahoo.com', '912e41e0fba3da4c7a6ccc01d28395c3605eb8f7', 'speedlab', '1', '1', '2014-07-29', '1978-01-21', '', 'Philippines', 'Honda Accord', 'userimages/a109de9b/14066205084e2.jpg', NULL, 0, 0, 0, 0, 0, 0, NULL, '4055c888d58140c4c4e327c091aa3aa9'),
(50, 'lesteren', 'yourmailttiine@gmail.com', '78a16e16d83f094805361626ac8bb6628cb5a267', 'LesterEn', '0', '0', '2014-09-22', NULL, NULL, NULL, NULL, NULL, NULL, 0, 0, 0, 0, 0, 0, NULL, NULL),
(51, 'enriquewals', 'enriquerag@outlook.com', '4e6e47cb118222c4aa083c178a13cab4d3f5f945', 'EnriqueWals', '0', '0', '2014-10-14', NULL, NULL, NULL, NULL, NULL, NULL, 0, 0, 0, 0, 0, 0, NULL, NULL),
(52, 'balinnuse', 'bali.vinipuhov@mail.ru', 'f7115b16ca8419625fc30ad9f43429d0b29fedaf', 'BalinNuse', '0', '0', '2014-10-27', NULL, NULL, NULL, NULL, NULL, NULL, 0, 0, 0, 0, 0, 0, NULL, NULL),
(53, 'solara200', 'Nicolasvinas@yahoo.com', '022e9c71439acbcfadebd5c980ec6ef1f024b841', 'Solara200', '0', '0', '2014-11-06', NULL, NULL, NULL, NULL, NULL, NULL, 0, 0, 0, 0, 0, 0, NULL, NULL),
(54, 'michaelrew', 'michaelbogn@outlook.com', '11f237a87008fbea6e0bce76f7774fc16508d0de', 'Michaelrew', '0', '0', '2014-12-14', NULL, NULL, NULL, NULL, NULL, NULL, 0, 0, 0, 0, 0, 0, NULL, NULL),
(55, 'ehsanul', 'ehsan@mytime.com', 'ff49ae631af74bd4ded0066ab119f5e0c69b78c5', 'ehsanul', '1', '1', '2014-12-17', '1988-04-18', '', '', '', NULL, NULL, 0, 0, 0, 0, 0, 0, NULL, 'aa80c0fcb0626ae1901fc9f0c8280ae0'),
(56, 'ucauggen', 'xdrumer@outlook.com', '5dec774c3521b4177f66cf9992ce3587e05ad301', 'UCauggen', '0', '0', '2014-12-19', NULL, NULL, NULL, NULL, NULL, NULL, 0, 0, 0, 0, 0, 0, NULL, NULL),
(57, 'artuniofed', 'pasheleten@rambler.ru', '5c5dbcc5da300cba1adbd314898523c76703dac2', 'Artuniofed', '0', '0', '2014-12-19', NULL, NULL, NULL, NULL, NULL, NULL, 0, 0, 0, 0, 0, 0, NULL, NULL),
(58, 'vicentepi', 'bboyblasterx@gmail.com', 'dcb9fd790dee2bf5d923a997381cb7f55e637cf7', 'VicentePi', '0', '0', '2014-12-19', NULL, NULL, NULL, NULL, NULL, NULL, 0, 0, 0, 0, 0, 0, NULL, NULL),
(59, 'kira86caub', 'kira86p@outlook.com', 'b8c0d03fbba70728358952bba905096764bd1d39', 'Kira86caub', '0', '0', '2014-12-19', NULL, NULL, NULL, NULL, NULL, NULL, 0, 0, 0, 0, 0, 0, NULL, NULL),
(60, 'anthonyvon', 'zantow073retta@hotmail.com', '25a1822cfa6d974242389c95e613133e57073c6f', 'AnthonyVon', '0', '0', '2014-12-19', NULL, NULL, NULL, NULL, NULL, NULL, 0, 0, 0, 0, 0, 0, NULL, NULL),
(61, 'marvinmevainvemian', 'xurumarir@outlook.com', '2fe4f20d8bad3fb78ccc80da7c49d1cd1a7e2477', 'MarvinMevainvemian', '0', '0', '2014-12-19', NULL, NULL, NULL, NULL, NULL, NULL, 0, 0, 0, 0, 0, 0, NULL, NULL),
(62, 'curtissn', 'nurovivan@yandex.com', '5a9566cf7834b72b23a367dd146f49201df38ac3', 'CurtisSn', '0', '0', '2014-12-19', NULL, NULL, NULL, NULL, NULL, NULL, 0, 0, 0, 0, 0, 0, NULL, NULL),
(63, 'anianob', 'miaangelix@outlook.com', '525a2f6a1e9bfbb1097c6755dea677ceba22d8f6', 'AniaNoB', '0', '0', '2014-12-19', NULL, NULL, NULL, NULL, NULL, NULL, 0, 0, 0, 0, 0, 0, NULL, NULL),
(64, 'horaciomn', 'nev.weeks@yandex.ru', 'fc76950d33e76c64c418d86b070dfcb39f8adae3', 'HoracioMn', '0', '0', '2014-12-19', NULL, NULL, NULL, NULL, NULL, NULL, 0, 0, 0, 0, 0, 0, NULL, NULL),
(65, 'pamelafult', 'pamelarema@mail.ru', 'a2af7fb951edddd1023c5085a8626b50517e0368', 'PamelaFult', '0', '0', '2014-12-19', NULL, NULL, NULL, NULL, NULL, NULL, 0, 0, 0, 0, 0, 0, NULL, NULL),
(66, 'moonaensups', 'whispermasterok@outlook.com', '89662e415766b2526e902c40784225fa24377fc4', 'MoonaEnsups', '0', '0', '2014-12-19', NULL, NULL, NULL, NULL, NULL, NULL, 0, 0, 0, 0, 0, 0, NULL, NULL),
(67, 'timothyshka', 'timothyskah@outlook.com', '489e8f773a6669cd0f211270708b789e89e5e94f', 'timothyshka', '0', '0', '2014-12-19', NULL, NULL, NULL, NULL, NULL, NULL, 0, 0, 0, 0, 0, 0, NULL, NULL),
(68, 'christyling', 'christysock@mail.ru', 'fc72955d07a2776b3949e9bdfd2f3d2d87e63a09', 'ChristyLing', '0', '0', '2014-12-20', NULL, NULL, NULL, NULL, NULL, NULL, 0, 0, 0, 0, 0, 0, NULL, NULL),
(69, 'luckyvashkaua', 'leshka9398@mail.ru', 'a4940877a2550cd45387b648118ab0fd0a2e0723', 'LuckyVashkaUA', '0', '0', '2014-12-20', NULL, NULL, NULL, NULL, NULL, NULL, 0, 0, 0, 0, 0, 0, NULL, NULL),
(70, 'carylontog', 'carylonor@outlook.com', '957d5039b9c1b115184e2a7df56c2689af6cf6cc', 'CarylonTog', '0', '0', '2014-12-20', NULL, NULL, NULL, NULL, NULL, NULL, 0, 0, 0, 0, 0, 0, NULL, NULL),
(71, 'aviadem', 'tcppld@mailloading.com', 'b50dd3bb94b876f96fc3417fa1e7743a8d20a491', 'Aviadem', '0', '0', '2014-12-20', NULL, NULL, NULL, NULL, NULL, NULL, 0, 0, 0, 0, 0, 0, NULL, NULL),
(72, 'dennistace', 'golonovrobert@yandex.com', '0c77adaeb139d76c5125073646c026f2fdca9bb7', 'Dennistace', '0', '0', '2014-12-20', NULL, NULL, NULL, NULL, NULL, NULL, 0, 0, 0, 0, 0, 0, NULL, NULL),
(73, 'lornahp11', 'cleokv7@ariannajasmin.katkit.in', '0062bbcc70c94b46276dafa49f33418b2d3f3c4b', 'lornahp11', '0', '0', '2014-12-20', NULL, NULL, NULL, NULL, NULL, NULL, 0, 0, 0, 0, 0, 0, NULL, NULL),
(74, 'malcolmkt', 'Undicy@netology.noip.me', '484050124e8dcbddb8378ea998fb7b5214084356', 'Malcolmkt', '0', '0', '2014-12-20', NULL, NULL, NULL, NULL, NULL, NULL, 0, 0, 0, 0, 0, 0, NULL, NULL),
(75, 'spamstoppawn', 'vladik_3x@mail.ru', '348904e43795df4b7c19a8af04b71ffcb036c939', 'SpamStoppawn', '0', '0', '2014-12-20', NULL, NULL, NULL, NULL, NULL, NULL, 0, 0, 0, 0, 0, 0, NULL, NULL),
(76, 'rachelbold', 'rachelpar@outlook.com', 'b3952fca9a4d5bf6345f072afa550f8afcdd18c4', 'Rachelbold', '0', '0', '2014-12-20', NULL, NULL, NULL, NULL, NULL, NULL, 0, 0, 0, 0, 0, 0, NULL, NULL),
(77, 'leonardonut', 'leononamenardo@outlook.com', '17c6038758e019771e1e480e73db33397699eb22', 'Leonardonut', '0', '0', '2014-12-20', NULL, NULL, NULL, NULL, NULL, NULL, 0, 0, 0, 0, 0, 0, NULL, NULL),
(78, 'mapoppildig', 'greelfbloof@outlook.com', 'cd8e5931e7cd3f5aa257718a8f6316829bf1523b', 'MapoppildiG', '0', '0', '2014-12-20', NULL, NULL, NULL, NULL, NULL, NULL, 0, 0, 0, 0, 0, 0, NULL, NULL),
(79, 'crisstent', 'crisnn1@aol.com', '5bf9329fa388d3316253fd7a6d02562f305f5df4', 'CrissTent', '0', '0', '2014-12-20', NULL, NULL, NULL, NULL, NULL, NULL, 0, 0, 0, 0, 0, 0, NULL, NULL),
(80, 'abepegafbep', 'flamehunters66@outlook.com', '89662e415766b2526e902c40784225fa24377fc4', 'Abepegafbep', '0', '0', '2014-12-20', NULL, NULL, NULL, NULL, NULL, NULL, 0, 0, 0, 0, 0, 0, NULL, NULL),
(81, 'lorenzoet', 'lorenzotox@yandex.com', '5aee001e8205454e81781d30e24155a9759dffac', 'LorenzoEt', '0', '0', '2014-12-20', NULL, NULL, NULL, NULL, NULL, NULL, 0, 0, 0, 0, 0, 0, NULL, NULL),
(82, 'aarroncikk', 'rantadire1988@yandex.com', '552d5f17c7e75fb4404fce6d35334a82283d249b', 'Aarroncikk', '0', '0', '2014-12-20', NULL, NULL, NULL, NULL, NULL, NULL, 0, 0, 0, 0, 0, 0, NULL, NULL),
(83, 'bonianob', 'booliva85m@outlook.com', '525a2f6a1e9bfbb1097c6755dea677ceba22d8f6', 'BoniaNoB', '0', '0', '2014-12-20', NULL, NULL, NULL, NULL, NULL, NULL, 0, 0, 0, 0, 0, 0, NULL, NULL),
(84, 'michaelmot', 'loretterowntreeaf@gmx.com', 'e4ebfff3e928666b774f1952456abeb6346bb9be', 'Michaelmot', '0', '0', '2014-12-20', NULL, NULL, NULL, NULL, NULL, NULL, 0, 0, 0, 0, 0, 0, NULL, NULL),
(85, 'alekseyol', 'aleksey81e@outlook.com', '7f8efd31e15efaf96a9d904702ea4f22a7495f48', 'Alekseyol', '0', '0', '2014-12-20', NULL, NULL, NULL, NULL, NULL, NULL, 0, 0, 0, 0, 0, 0, NULL, NULL),
(86, 'kixepheple', 'antonyulognov@yandex.com', 'f7c3bc1d808e04732adf679965ccc34ca7ae3441', 'kixepheple', '0', '0', '2014-12-20', NULL, NULL, NULL, NULL, NULL, NULL, 0, 0, 0, 0, 0, 0, NULL, NULL),
(87, 'jenniferhek', 'jennifer902038miss@outlook.com', 'e92529ac751c153dcda1427e069f18bd692228bc', 'Jenniferhek', '0', '0', '2014-12-20', NULL, NULL, NULL, NULL, NULL, NULL, 0, 0, 0, 0, 0, 0, NULL, NULL),
(88, 'charlesfaky', 'ubskjbypnf@mailontherail.net', '04d7188317e0fb2ef00b3a4a92272c45d46541c4', 'Charlesfaky', '0', '0', '2014-12-20', NULL, NULL, NULL, NULL, NULL, NULL, 0, 0, 0, 0, 0, 0, NULL, NULL),
(89, 'pymnlecy', 'lyndia04@ovi.com', '5ea1685da5accfa9eabf30f1266105c7a867054c', 'Pymnlecy', '0', '0', '2014-12-20', NULL, NULL, NULL, NULL, NULL, NULL, 0, 0, 0, 0, 0, 0, NULL, NULL),
(90, 'catnise', 'isprrssminsrk@mail.ru', '62f4848e9268506b374ae7a54aaf1efb8481f829', 'CatNise', '0', '0', '2014-12-20', NULL, NULL, NULL, NULL, NULL, NULL, 0, 0, 0, 0, 0, 0, NULL, NULL),
(91, 'klertet', 'ge.r.e.tap.o.te.r@01hosting.biz', '0742ea7938514e93edf860a2d2a6fc95ba466cfc', 'klertet', '0', '0', '2014-12-20', NULL, NULL, NULL, NULL, NULL, NULL, 0, 0, 0, 0, 0, 0, NULL, NULL),
(92, 'bryantpa', 'bryanteak@outlook.com', 'df3e82a8b2f94139ec7ee60ab433d0154ea40dbe', 'Bryantpa', '0', '0', '2014-12-20', NULL, NULL, NULL, NULL, NULL, NULL, 0, 0, 0, 0, 0, 0, NULL, NULL),
(93, 'amediarot', 'tngedwy119@mail.ru', '0dd34350353653640640fa3b479fdaff6a4a4838', 'amediaRot', '0', '0', '2014-12-20', NULL, NULL, NULL, NULL, NULL, NULL, 0, 0, 0, 0, 0, 0, NULL, NULL),
(94, 'melaniewamesy', 'minslusdulo1982@yandex.ru', '4ca8373e75cb3dff0881e88450ca274827716e12', 'Melaniewamesy', '0', '0', '2014-12-20', NULL, NULL, NULL, NULL, NULL, NULL, 0, 0, 0, 0, 0, 0, NULL, NULL),
(95, '4byra6ka_haics', 'travelideas2015@outlook.com', '206abe119b1ca51b9de276701892fdc88b69b6e8', '4byra6ka_haics', '0', '0', '2014-12-20', NULL, NULL, NULL, NULL, NULL, NULL, 0, 0, 0, 0, 0, 0, NULL, NULL),
(96, 'williamchak', 'drugrehabcentershdf@outlook.com', 'dd84fe7581ae71c8a57af4906e27d44f798f34ce', 'Williamchak', '0', '0', '2014-12-20', NULL, NULL, NULL, NULL, NULL, NULL, 0, 0, 0, 0, 0, 0, NULL, NULL),
(97, 'thomaskam', 'thomasto11@outlook.com', 'c96999dddd28e367e4ccb29bdb74f6088346c420', 'ThomasKAm', '0', '0', '2014-12-20', NULL, NULL, NULL, NULL, NULL, NULL, 0, 0, 0, 0, 0, 0, NULL, NULL),
(98, 'donaldcow', 'freise084alphonzo@hotmail.com', '7c93aa6e367d15b5067706fc93de1afbc9008d3d', 'Donaldcow', '0', '0', '2014-12-20', NULL, NULL, NULL, NULL, NULL, NULL, 0, 0, 0, 0, 0, 0, NULL, NULL),
(99, 'vosop', 'wertasiku@mail.ru', '8fe602f2382f74b4698cdbe5114350f9a9bff44d', 'VoSop', '0', '0', '2014-12-20', NULL, NULL, NULL, NULL, NULL, NULL, 0, 0, 0, 0, 0, 0, NULL, NULL),
(100, 'adjistyync', 'soirisreiget1981@yandex.com', '401e65b487f966720e2bd0fe6349b94e214c9520', 'Adjistyync', '0', '0', '2014-12-20', NULL, NULL, NULL, NULL, NULL, NULL, 0, 0, 0, 0, 0, 0, NULL, NULL),
(101, 'jeffreyimat', 'hammann648abraham@hotmail.com', 'c826e308b409f319ad6ea8b9932b2d0d5fbd0d9a', 'JeffreyImat', '0', '0', '2014-12-20', NULL, NULL, NULL, NULL, NULL, NULL, 0, 0, 0, 0, 0, 0, NULL, NULL),
(102, 'kokkadrina', 'kokfag@nc.webkrasotka.com', '3e1f5a31938e6f1be60658a9f8a14239493ea21f', 'kokkaDrina', '0', '0', '2014-12-20', NULL, NULL, NULL, NULL, NULL, NULL, 0, 0, 0, 0, 0, 0, NULL, NULL),
(103, 'patrickpava', 'cavett717kristen@hotmail.com', '103440b7ddaf9576c1c5876bf70c3403efcb61b5', 'PatrickPava', '0', '0', '2014-12-20', NULL, NULL, NULL, NULL, NULL, NULL, 0, 0, 0, 0, 0, 0, NULL, NULL),
(104, 'plalaaresfege', 'vladimirputinmt@outlook.com', '94d4f7c62b4781ac4ec512c55b4060985d09e9c4', 'PlalaAresfege', '0', '0', '2014-12-20', NULL, NULL, NULL, NULL, NULL, NULL, 0, 0, 0, 0, 0, 0, NULL, NULL),
(105, 'ninankapam', 'ninankarom@outlook.com', 'b5a536067090729313373dc8f4e500ce379e7531', 'Ninankapam', '0', '0', '2014-12-20', NULL, NULL, NULL, NULL, NULL, NULL, 0, 0, 0, 0, 0, 0, NULL, NULL),
(106, 'nuttfoord', 'noonelimit@outlook.com', 'bdeda2adba4248be6e7fda66668531a144172d59', 'nuttfoord', '0', '0', '2014-12-20', NULL, NULL, NULL, NULL, NULL, NULL, 0, 0, 0, 0, 0, 0, NULL, NULL),
(107, 'josephvede', 'josephdece@mail.ru', 'b2fd4f319aa5a0a0c2d47d42ed5d9b6cae030060', 'Josephvede', '0', '0', '2014-12-20', NULL, NULL, NULL, NULL, NULL, NULL, 0, 0, 0, 0, 0, 0, NULL, NULL),
(108, 'robertmi', 'roberttib@outlook.com', '1b127f542173ad343533b546bbabfaaa5e0eb154', 'Robertmi', '0', '0', '2014-12-20', NULL, NULL, NULL, NULL, NULL, NULL, 0, 0, 0, 0, 0, 0, NULL, NULL),
(109, 'angeluccamaky', 'angeluccamaky@outlook.com', '489e8f773a6669cd0f211270708b789e89e5e94f', 'angeluccamaky', '0', '0', '2014-12-20', NULL, NULL, NULL, NULL, NULL, NULL, 0, 0, 0, 0, 0, 0, NULL, NULL),
(110, 'edwardview', 'edwardvow@outlook.com', '6b6bfbc42434dad72ef9b3885e83bfc9eb151db7', 'Edwardview', '0', '0', '2014-12-20', NULL, NULL, NULL, NULL, NULL, NULL, 0, 0, 0, 0, 0, 0, NULL, NULL),
(111, 'makltent', 'kimfarel@aol.co.uk', 'b7680a43af157dfd0b2510cea69a79f8e55d8856', 'MaklTent', '0', '0', '2014-12-20', NULL, NULL, NULL, NULL, NULL, NULL, 0, 0, 0, 0, 0, 0, NULL, NULL),
(112, 'dmubuteft', 'dwemsgrews@outlook.com', '9f4c0f4edb1f086cac04462964861c3a425112df', 'DmubUteft', '0', '0', '2014-12-20', NULL, NULL, NULL, NULL, NULL, NULL, 0, 0, 0, 0, 0, 0, NULL, NULL),
(113, 'roberten', 'tskyqhfmyt@cutemailbox.com', 'bed4fcf92d9aeec3cda6934ede8d80a3a11093a8', 'Roberten', '0', '0', '2014-12-21', NULL, NULL, NULL, NULL, NULL, NULL, 0, 0, 0, 0, 0, 0, NULL, NULL),
(114, 'manuelbam', 'intrustwegod@outlook.com', '4d7a263b3c670278b290cd260147525e64233aa6', 'ManuelBam', '0', '0', '2014-12-21', NULL, NULL, NULL, NULL, NULL, NULL, 0, 0, 0, 0, 0, 0, NULL, NULL),
(115, 'miguelma', 'hamil_vak@tpobaba.com', 'd835e131a0ae18e22e60f990c85222bebd526fbd', 'MiguelMa', '0', '0', '2014-12-21', NULL, NULL, NULL, NULL, NULL, NULL, 0, 0, 0, 0, 0, 0, NULL, NULL),
(116, 'ignatsida', 'fedoreytrerere@yandex.ru', 'f78745664998232d4724b75550add4262cbe4ba9', 'Ignatsida', '0', '0', '2014-12-21', NULL, NULL, NULL, NULL, NULL, NULL, 0, 0, 0, 0, 0, 0, NULL, NULL),
(117, 'spamprotectionmt', 'stopspammn@yandex.com', 'aa5d4eff622af504b67ea5fb9c7625d3ce65f6ef', 'SpamProtectionMt', '0', '0', '2014-12-21', NULL, NULL, NULL, NULL, NULL, NULL, 0, 0, 0, 0, 0, 0, NULL, NULL),
(118, 'speedrojlak', 'marvanogara@4softsite.info', 'b895843607b6d4a515f49e0425078cd9ade49ff6', 'SpeedRojlak', '0', '0', '2014-12-21', NULL, NULL, NULL, NULL, NULL, NULL, 0, 0, 0, 0, 0, 0, NULL, NULL),
(119, 'protectionspampawn', 'charlesjult@yandex.com', '348904e43795df4b7c19a8af04b71ffcb036c939', 'ProtectionSpampawn', '0', '0', '2014-12-21', NULL, NULL, NULL, NULL, NULL, NULL, 0, 0, 0, 0, 0, 0, NULL, NULL),
(120, 'seobrela', 'seo20122014@yandex.com', '80a5dc358d3a54375bf021117e10c071519ae196', 'Seobrela', '0', '0', '2014-12-21', NULL, NULL, NULL, NULL, NULL, NULL, 0, 0, 0, 0, 0, 0, NULL, NULL),
(121, 'cliftonei', 'asam_gonzales@tpobaba.com', 'e948c30b4be1ab5ec7e65fad36994dbe3eefc593', 'CliftonEi', '0', '0', '2014-12-21', NULL, NULL, NULL, NULL, NULL, NULL, 0, 0, 0, 0, 0, 0, NULL, NULL),
(122, 'driddedia', 'rafynolleydas@outlook.com', '89662e415766b2526e902c40784225fa24377fc4', 'Driddedia', '0', '0', '2014-12-21', NULL, NULL, NULL, NULL, NULL, NULL, 0, 0, 0, 0, 0, 0, NULL, NULL),
(123, 'tsvlnef', 'danieldal@mail.ru', '664ce72e9a0881cc46137154227fa671871f3b60', 'tsvlNef', '0', '0', '2014-12-21', NULL, NULL, NULL, NULL, NULL, NULL, 0, 0, 0, 0, 0, 0, NULL, NULL),
(124, 'roberttic', 'gembak_arokkh@tpobaba.com', '40987560e714295fadbe44d556cf4da8560b229c', 'RobertTic', '0', '0', '2014-12-21', NULL, NULL, NULL, NULL, NULL, NULL, 0, 0, 0, 0, 0, 0, NULL, NULL),
(125, 'danieltok', 'kent_larson@tpobaba.com', 'ad5b3d62d94be32c79ebadc2817c702ddcfc78f6', 'DanielTok', '0', '0', '2014-12-21', NULL, NULL, NULL, NULL, NULL, NULL, 0, 0, 0, 0, 0, 0, NULL, NULL),
(126, 'lifnadrer', 'riatersovo1986@yandex.ru', '1bab625e74e37a1012c34fadb4d7443cfb679363', 'lifnaDrer', '0', '0', '2014-12-21', NULL, NULL, NULL, NULL, NULL, NULL, 0, 0, 0, 0, 0, 0, NULL, NULL),
(127, 'robertjed', 'robertmonis@outlook.com', 'c929020727e0b08528c4f58e1824042160605da3', 'Robertjed', '0', '0', '2014-12-21', NULL, NULL, NULL, NULL, NULL, NULL, 0, 0, 0, 0, 0, 0, NULL, NULL),
(128, 'ronaldloft', 'ronaldmr@yandex.ru', '4daaac9f534cf15005ef3eeac7e6484b6641e7f5', 'RonaldLoft', '0', '0', '2014-12-21', NULL, NULL, NULL, NULL, NULL, NULL, 0, 0, 0, 0, 0, 0, NULL, NULL),
(129, 'attalgith', 'xxx@ejwmv.pixub.com', '883f3929fb57a0168b8d6134b1e52811c8f84635', 'AttalGith', '0', '0', '2014-12-21', NULL, NULL, NULL, NULL, NULL, NULL, 0, 0, 0, 0, 0, 0, NULL, NULL),
(130, 'jeremyves', 'jeremyJura@onlinebooksclub.com', 'a9ddaa13e65820d07bd05454f08aeacc3a0aec94', 'JeremyVes', '0', '0', '2014-12-21', NULL, NULL, NULL, NULL, NULL, NULL, 0, 0, 0, 0, 0, 0, NULL, NULL),
(131, 'jefferyma', 'mojok_zapotek@tpobaba.com', 'e66ee0a94ee2f13ffeaa2397eeca0b3f6a13ca6c', 'JefferyMa', '0', '0', '2014-12-21', NULL, NULL, NULL, NULL, NULL, NULL, 0, 0, 0, 0, 0, 0, NULL, NULL),
(132, 'mauricekl', 'mauricenet20@outlook.com', '3528a3b8e61c6788293f9dc332ef0e2069e8f866', 'MauriceKl', '0', '0', '2014-12-21', NULL, NULL, NULL, NULL, NULL, NULL, 0, 0, 0, 0, 0, 0, NULL, NULL),
(133, 'ddyrinsyk', 'rowasinew1973@yandex.com', '6eed80587be0f32e95303a5855afbda852a11705', 'Ddyrinsyk', '0', '0', '2014-12-21', NULL, NULL, NULL, NULL, NULL, NULL, 0, 0, 0, 0, 0, 0, NULL, NULL),
(134, 'andyepitle', 'bassehy1907@yandex.com', '7c31e87e34f65a9b84fee7e117d645ba3a72dc5a', 'Andyepitle', '0', '0', '2014-12-21', NULL, NULL, NULL, NULL, NULL, NULL, 0, 0, 0, 0, 0, 0, NULL, NULL),
(135, 'edwardbuff', 'edwarddub@outlook.com', 'ea4d24cb8ebec972031945c9daa516545568b9b3', 'Edwardbuff', '0', '0', '2014-12-21', NULL, NULL, NULL, NULL, NULL, NULL, 0, 0, 0, 0, 0, 0, NULL, NULL),
(136, 'avrvzixpect', 'shrogkfqhnn@hotmails.com', 'ba740846f24965bf13f6f1c151e3592fbf2a1d5d', 'avrvzixpect', '0', '0', '2014-12-21', NULL, NULL, NULL, NULL, NULL, NULL, 0, 0, 0, 0, 0, 0, NULL, NULL),
(137, 'stevenml', 'stevenmaimrr@gmail.com', 'a7b5f6524ca3cebbbe57f6525f082a307e245f12', 'StevenMl', '0', '0', '2014-12-21', NULL, NULL, NULL, NULL, NULL, NULL, 0, 0, 0, 0, 0, 0, NULL, NULL),
(138, 'debbieen', 'fugyt22pp@gmail.com', '8a13556609c8807d8d2199c25e2d0631edc7aa2e', 'DebbieEn', '0', '0', '2014-12-21', NULL, NULL, NULL, NULL, NULL, NULL, 0, 0, 0, 0, 0, 0, NULL, NULL),
(139, 'svertet', 'efibmdw@01hosting.biz', '0742ea7938514e93edf860a2d2a6fc95ba466cfc', 'svertet', '0', '0', '2014-12-21', NULL, NULL, NULL, NULL, NULL, NULL, 0, 0, 0, 0, 0, 0, NULL, NULL),
(140, 'micccaelgug', 'micccaelpi@mail.ru', 'c6d9305058f37acf5f87a72b9c7ddcf417a50052', 'Micccaelgug', '0', '0', '2014-12-21', NULL, NULL, NULL, NULL, NULL, NULL, 0, 0, 0, 0, 0, 0, NULL, NULL),
(141, 'anthonyvoic', 'richardfekn@outlook.com', 'cfc5d41613d3cbe894b4306edf67d06ca76c618b', 'Anthonyvoic', '0', '0', '2014-12-21', NULL, NULL, NULL, NULL, NULL, NULL, 0, 0, 0, 0, 0, 0, NULL, NULL),
(142, 'mathiaskr', 'conolioandro@yandex.com', 'd46d0a4b53ae43644bbb0d3e6a82baf331bad1de', 'mathiasKr', '0', '0', '2014-12-21', NULL, NULL, NULL, NULL, NULL, NULL, 0, 0, 0, 0, 0, 0, NULL, NULL),
(143, 'immarvehupo', 'fidel.wadsom@aol.com', 'bb6c900f62f0abefad8796c957176a889ecec8f9', 'immarveHupo', '0', '0', '2014-12-21', NULL, NULL, NULL, NULL, NULL, NULL, 0, 0, 0, 0, 0, 0, NULL, NULL),
(144, 'monriesiz', 'monrietns@mail.ru', '8d42e30e9baf50522747b52bd73ed80c6ad0bbb6', 'MonrieSiz', '0', '0', '2014-12-21', NULL, NULL, NULL, NULL, NULL, NULL, 0, 0, 0, 0, 0, 0, NULL, NULL),
(145, 'ronaldoer', 'ronaldocok@outlook.com', 'fc471dca254129a7677dee15bb61f77f00d03b3f', 'Ronaldoer', '0', '0', '2014-12-21', NULL, NULL, NULL, NULL, NULL, NULL, 0, 0, 0, 0, 0, 0, NULL, NULL),
(146, 'waltersof', 'sergartemi@gmail.com', '9bb078876e941a6ebb5cd4d56bd9bf8dbaaedb5f', 'WalterSof', '0', '0', '2014-12-21', NULL, NULL, NULL, NULL, NULL, NULL, 0, 0, 0, 0, 0, 0, NULL, NULL),
(147, 'nikotini', 'nikotini@outlook.com', '0b902102e2b96b21be4e07ffe5b70ec71058b80d', 'Nikotini', '0', '0', '2014-12-21', NULL, NULL, NULL, NULL, NULL, NULL, 0, 0, 0, 0, 0, 0, NULL, NULL),
(148, 'williamsa', 'williamfug88@yandex.com', '8a151510161ba49566107fef1d5464ba7416e21b', 'Williamsa', '0', '0', '2014-12-21', NULL, NULL, NULL, NULL, NULL, NULL, 0, 0, 0, 0, 0, 0, NULL, NULL),
(149, 'donniedib', 'birmenghamescortsnew@outlook.com', '680955c58bb1bc9e45c7056513e83c390cf56aec', 'DonnieDib', '0', '0', '2014-12-21', NULL, NULL, NULL, NULL, NULL, NULL, 0, 0, 0, 0, 0, 0, NULL, NULL),
(150, 'ograsmusor', 'ograsmus@ograsmus.com', '18bba096e07ea113506f9f75d731aac64ab326e3', 'OgrasmusOr', '0', '0', '2014-12-21', NULL, NULL, NULL, NULL, NULL, NULL, 0, 0, 0, 0, 0, 0, NULL, NULL),
(151, 'ronaldea', 'copper_eusebio@tpobaba.com', 'f8fe09f48e274382e8c55099b1d5c285c06f38ab', 'RonaldEa', '0', '0', '2014-12-21', NULL, NULL, NULL, NULL, NULL, NULL, 0, 0, 0, 0, 0, 0, NULL, NULL),
(152, 'alfredon', 'alfred.Sab@vbklv.com', '804b3eee75e9871482faa4ff899da2582b9347eb', 'AlfredOn', '0', '0', '2014-12-21', NULL, NULL, NULL, NULL, NULL, NULL, 0, 0, 0, 0, 0, 0, NULL, NULL),
(153, 'jessiekica', 'knut_daro@tpobaba.com', '30042fe69be67ce0e33018a08f49f8a8bffee0c5', 'JessieKica', '0', '0', '2014-12-21', NULL, NULL, NULL, NULL, NULL, NULL, 0, 0, 0, 0, 0, 0, NULL, NULL),
(154, 'andersennab', 'santrea2015@yandex.com', '0485c993c95b2c4febe97d0ad15a72713d517d43', 'Andersennab', '0', '0', '2014-12-21', NULL, NULL, NULL, NULL, NULL, NULL, 0, 0, 0, 0, 0, 0, NULL, NULL),
(155, 'ayyyxjlgzpc', 'qzvowojaork@hotmails.com', 'ba740846f24965bf13f6f1c151e3592fbf2a1d5d', 'ayyyxjlgzpc', '0', '0', '2014-12-21', NULL, NULL, NULL, NULL, NULL, NULL, 0, 0, 0, 0, 0, 0, NULL, NULL),
(156, 'dryynrins', 'chondconpeged1987@yandex.com', '0dcedd798b33408cf214ccf56d1a335828a9fb95', 'Dryynrins', '0', '0', '2014-12-21', NULL, NULL, NULL, NULL, NULL, NULL, 0, 0, 0, 0, 0, 0, NULL, NULL),
(157, 'ovellaflola', 'mikakinosloewz@outlook.com', '89662e415766b2526e902c40784225fa24377fc4', 'Ovellaflola', '0', '0', '2014-12-21', NULL, NULL, NULL, NULL, NULL, NULL, 0, 0, 0, 0, 0, 0, NULL, NULL),
(158, 'newslettersa', 'newslettertile@yandex.com', 'b5920442580871083f796de3ef4aef293353ff2c', 'Newslettersa', '0', '0', '2014-12-21', NULL, NULL, NULL, NULL, NULL, NULL, 0, 0, 0, 0, 0, 0, NULL, NULL),
(159, 'melaniwamesy', 'entaimpathmoc1983@yandex.ru', '4ca8373e75cb3dff0881e88450ca274827716e12', 'Melaniwamesy', '0', '0', '2014-12-21', NULL, NULL, NULL, NULL, NULL, NULL, 0, 0, 0, 0, 0, 0, NULL, NULL),
(160, 'enriqueclus', 'pellowski374myrle@hotmail.com', '046bb544ffc409a5b8f0a70493293bf2f7ddd13a', 'EnriquecluS', '0', '0', '2014-12-21', NULL, NULL, NULL, NULL, NULL, NULL, 0, 0, 0, 0, 0, 0, NULL, NULL),
(161, 'thomasma', 'marchiony124anderson@hotmail.com', '0de0da07f4d031e8943246c1c49a3693086f43b0', 'ThomasMa', '0', '0', '2014-12-21', NULL, NULL, NULL, NULL, NULL, NULL, 0, 0, 0, 0, 0, 0, NULL, NULL),
(162, 'donaldter', 'donaldtix@yandex.ru', 'e9ae288cf6f80c631d659cb752c59b7867d2cff7', 'Donaldter', '0', '0', '2014-12-21', NULL, NULL, NULL, NULL, NULL, NULL, 0, 0, 0, 0, 0, 0, NULL, NULL),
(163, 'roberton', 'kounlavong337rosita@hotmail.com', 'eb913b76b42a39515ed0ca840c36534d713a9b71', 'RobertOn', '0', '0', '2014-12-21', NULL, NULL, NULL, NULL, NULL, NULL, 0, 0, 0, 0, 0, 0, NULL, NULL),
(164, 'elizavetatowl', 'elizaveta78t@mail.ru', '11cabd7b0f9c503470ab0b0ce92988d5667e26db', 'Elizavetatowl', '0', '0', '2014-12-21', NULL, NULL, NULL, NULL, NULL, NULL, 0, 0, 0, 0, 0, 0, NULL, NULL),
(165, 'michaeltex', 'hollinghurst870nevada@hotmail.com', 'd797298ad142ca78c3d009318311458efc84e890', 'MichaelTex', '0', '0', '2014-12-21', NULL, NULL, NULL, NULL, NULL, NULL, 0, 0, 0, 0, 0, 0, NULL, NULL),
(166, 'travishype', 'traviship@bnqiq.com', '7b10b2c546488a56db1618e5e30afa909cfbc694', 'Travishype', '0', '0', '2014-12-21', NULL, NULL, NULL, NULL, NULL, NULL, 0, 0, 0, 0, 0, 0, NULL, NULL),
(167, 'cynob', 'zitalexda@outlook.com', '525a2f6a1e9bfbb1097c6755dea677ceba22d8f6', 'CyNoB', '0', '0', '2014-12-21', NULL, NULL, NULL, NULL, NULL, NULL, 0, 0, 0, 0, 0, 0, NULL, NULL),
(168, 'tzboutmemiunill', 'tzbealfcuff@yandex.ru', '22e781e1287fbcea9b21274ae7ca06b1e66742df', 'TzBoutmemiunill', '0', '0', '2014-12-21', NULL, NULL, NULL, NULL, NULL, NULL, 0, 0, 0, 0, 0, 0, NULL, NULL),
(169, 'deliverypropawn', 'deliveryprogow@yandex.com', '474d3f171b573ffe67feb2a24bc069b0f8bcd300', 'DeliveryPropawn', '0', '0', '2014-12-21', NULL, NULL, NULL, NULL, NULL, NULL, 0, 0, 0, 0, 0, 0, NULL, NULL),
(170, 'utrourdy', 'xdrumers@outlook.com', '5dec774c3521b4177f66cf9992ce3587e05ad301', 'UTrourdy', '0', '0', '2014-12-21', NULL, NULL, NULL, NULL, NULL, NULL, 0, 0, 0, 0, 0, 0, NULL, NULL),
(171, 'georgeor', 'georgelolo@mail.ru', 'c90376587f311684ba2e18c498423cb4ac4f9c38', 'GeorgeOr', '0', '0', '2014-12-21', NULL, NULL, NULL, NULL, NULL, NULL, 0, 0, 0, 0, 0, 0, NULL, NULL),
(172, 'ronnieml', 'escortsbirminghamsa@outlook.com', '637e94ebb015e4fcfc5b5ee6fddbf337c12acdd2', 'RonnieMl', '0', '0', '2014-12-21', NULL, NULL, NULL, NULL, NULL, NULL, 0, 0, 0, 0, 0, 0, NULL, NULL),
(173, 'nzrvvksuimc', 'rhuzstihysd@hotmails.com', 'ba740846f24965bf13f6f1c151e3592fbf2a1d5d', 'nzrvvksuimc', '0', '0', '2014-12-21', NULL, NULL, NULL, NULL, NULL, NULL, 0, 0, 0, 0, 0, 0, NULL, NULL),
(174, 'agriklak', 'gestlilasla1978@yandex.ru', '7d81f4e6a7711ba768c6ced5ab57b0bc8c10bbfc', 'Agriklak', '0', '0', '2014-12-21', NULL, NULL, NULL, NULL, NULL, NULL, 0, 0, 0, 0, 0, 0, NULL, NULL),
(175, 'augusttab', 'peratur_anog@tpobaba.com', '83dd047311bec429c427b3dd849d8539926bde71', 'AugustTab', '0', '0', '2014-12-21', NULL, NULL, NULL, NULL, NULL, NULL, 0, 0, 0, 0, 0, 0, NULL, NULL),
(176, 'czelp', 'johnbatwaryta@gmx.com', '4ac34e3b8e361c0cf214becd9b769e67dc218a9f', 'Czelp', '0', '0', '2014-12-22', NULL, NULL, NULL, NULL, NULL, NULL, 0, 0, 0, 0, 0, 0, NULL, NULL),
(177, 'johniejeme', 'rune_carlos@tpobaba.com', '345a2470f393e7d4f0aad6e7424a58356b39ab77', 'Johniejeme', '0', '0', '2014-12-22', NULL, NULL, NULL, NULL, NULL, NULL, 0, 0, 0, 0, 0, 0, NULL, NULL),
(178, 'calvindus', 'calvinped@outlook.com', 'e77f6e5f9640a66c041fc63eef54ed2f1d143b4c', 'Calvindus', '0', '0', '2014-12-22', NULL, NULL, NULL, NULL, NULL, NULL, 0, 0, 0, 0, 0, 0, NULL, NULL),
(179, 'michaelka', 'michaelbura@outlook.com', '40127f60cfd724f9200dcc8b11fef31626214367', 'MichaelKa', '0', '0', '2014-12-22', NULL, NULL, NULL, NULL, NULL, NULL, 0, 0, 0, 0, 0, 0, NULL, NULL),
(180, 'agustinpa', 'agustinhazy@outlook.com', 'be4470b9ef921e1a98042aa786f6e1604751d942', 'Agustinpa', '0', '0', '2014-12-22', NULL, NULL, NULL, NULL, NULL, NULL, 0, 0, 0, 0, 0, 0, NULL, NULL),
(181, 'danielol', 'angir_ali@tpobaba.com', 'a9dab45d12d522a36f78f8b81502717f1009ff2b', 'Danielol', '0', '0', '2014-12-22', NULL, NULL, NULL, NULL, NULL, NULL, 0, 0, 0, 0, 0, 0, NULL, NULL),
(182, 'vladkn', 'vladpntt@yandex.ru', 'dc92ccd77a3f7f793f3171283cd1ceb4da759222', 'VladKn', '0', '0', '2014-12-22', NULL, NULL, NULL, NULL, NULL, NULL, 0, 0, 0, 0, 0, 0, NULL, NULL),
(183, 'peencylielo', 'pizdecprofayl@outlook.com', '104984c278f03683b9c2ca1b68612c3bbb25562a', 'peencylielo', '0', '0', '2014-12-22', NULL, NULL, NULL, NULL, NULL, NULL, 0, 0, 0, 0, 0, 0, NULL, NULL),
(184, 'djonysn', 'djonylusm@yandex.ru', '64cd640083bdbc0b5c229f2db021bbd62db29ceb', 'Djonysn', '0', '0', '2014-12-22', NULL, NULL, NULL, NULL, NULL, NULL, 0, 0, 0, 0, 0, 0, NULL, NULL),
(185, 'michaelnok', 'sulfock_vibald_1972@tpobaba.com', '69ec8dd6196b1ecc6218ff1ad155005b4dacda43', 'MichaelNok', '0', '0', '2014-12-22', NULL, NULL, NULL, NULL, NULL, NULL, 0, 0, 0, 0, 0, 0, NULL, NULL),
(186, 'wsmpjjilak', 'unexamad1973@yandex.ru', 'c18c5392120be9bccf764ea927a3b7e00c2c329a', 'Wsmpjjilak', '0', '0', '2014-12-22', NULL, NULL, NULL, NULL, NULL, NULL, 0, 0, 0, 0, 0, 0, NULL, NULL),
(187, 'iyiyyekprwf', 'ptkupspxlrg@hotmails.com', 'ba740846f24965bf13f6f1c151e3592fbf2a1d5d', 'iyiyyekprwf', '0', '0', '2014-12-22', NULL, NULL, NULL, NULL, NULL, NULL, 0, 0, 0, 0, 0, 0, NULL, NULL),
(188, 'stephencix', 'abhiescortbirmingham@outlook.com', '13bf70218bbc448b35b3a9084d674937a34d3a67', 'StephenCix', '0', '0', '2014-12-22', NULL, NULL, NULL, NULL, NULL, NULL, 0, 0, 0, 0, 0, 0, NULL, NULL),
(189, 'mussylitew', 'laferdaser1983@yandex.ru', 'bb7e477cad8e9fcbce86428a7fb45441d670f2d5', 'mussyliTew', '0', '0', '2014-12-22', NULL, NULL, NULL, NULL, NULL, NULL, 0, 0, 0, 0, 0, 0, NULL, NULL),
(190, 'hermanml', 'hermankax@mail.ru', '17b727fd89b0061c3f0de1e841c7cceb9b60005b', 'Hermanml', '0', '0', '2014-12-22', NULL, NULL, NULL, NULL, NULL, NULL, 0, 0, 0, 0, 0, 0, NULL, NULL),
(191, 'avtvivzt', 'avtovivozru@outlook.com', '882739c4bf6b8710d9a5a501585576cd98fac5d2', 'Avtvivzt', '0', '0', '2014-12-22', NULL, NULL, NULL, NULL, NULL, NULL, 0, 0, 0, 0, 0, 0, NULL, NULL),
(192, 'shayaki', 'evilannny@yandex.com', 'ceba2e3af5099875139062a97a9ab21f71852265', 'shayaKi', '0', '0', '2014-12-22', NULL, NULL, NULL, NULL, NULL, NULL, 0, 0, 0, 0, 0, 0, NULL, NULL),
(193, 'richardcoal', 'yourxlorumxrum@outlook.com', 'a2f6abd1f9419d78a6d676cef22679c140c1f6d3', 'RichardCoal', '0', '0', '2014-12-22', NULL, NULL, NULL, NULL, NULL, NULL, 0, 0, 0, 0, 0, 0, NULL, NULL),
(194, 'maiadavisgo', 'nivujokurif@yahoo.com', 'f7ee1c9188cff252849d423283eb61fd058cb89b', 'MaiaDavisGo', '0', '0', '2014-12-22', NULL, NULL, NULL, NULL, NULL, NULL, 0, 0, 0, 0, 0, 0, NULL, NULL),
(195, 'psydayamido', 'theshadowforgees@outlook.com', '89662e415766b2526e902c40784225fa24377fc4', 'psydayamido', '0', '0', '2014-12-22', NULL, NULL, NULL, NULL, NULL, NULL, 0, 0, 0, 0, 0, 0, NULL, NULL),
(196, 'vlaxtent', 'islwils@aol.co.uk', '65e1f2c0a9f468fbe402a229875ca8e5cbe7073e', 'VlaxTent', '0', '0', '2014-12-22', NULL, NULL, NULL, NULL, NULL, NULL, 0, 0, 0, 0, 0, 0, NULL, NULL),
(197, 'trinityqc1975', 'manifestx@virtuf.info', 'f7b019b52a1a8ea0e5998ba248d1674640af7471', 'TrinityQC1975', '0', '0', '2014-12-22', NULL, NULL, NULL, NULL, NULL, NULL, 0, 0, 0, 0, 0, 0, NULL, NULL),
(198, 'azooca', 'sisgologo@gmx.com', 'a126f9e701f9d3662f90b67c3ab4e03037a2c641', 'AZooca', '0', '0', '2014-12-22', NULL, NULL, NULL, NULL, NULL, NULL, 0, 0, 0, 0, 0, 0, NULL, NULL),
(199, 'flynajsl', 'kengsaichung@outlook.com', '4773a0656af1c4c6b36c6279ff8a9fdf66f77e71', 'flynajsl', '0', '0', '2014-12-22', NULL, NULL, NULL, NULL, NULL, NULL, 0, 0, 0, 0, 0, 0, NULL, NULL),
(200, 'adriancymn', 'johnsonequed1971ksir@gmail.com', '10dc96e2dafd199de2c1f9dc210de2cab92cc363', 'AdrianCymn', '0', '0', '2014-12-22', NULL, NULL, NULL, NULL, NULL, NULL, 0, 0, 0, 0, 0, 0, NULL, NULL),
(201, 'wilbertet', 'wilbertemiliano@outlook.com', '5c9ae956ad31754574b3db168eecba1ac52737ff', 'WilbertEt', '0', '0', '2014-12-22', NULL, NULL, NULL, NULL, NULL, NULL, 0, 0, 0, 0, 0, 0, NULL, NULL),
(202, 'biancakn', 'biancazek@outlook.com', '3d102dd8184edd2f4ed76d9b9b0be916c48c11ab', 'Biancakn', '0', '0', '2014-12-22', NULL, NULL, NULL, NULL, NULL, NULL, 0, 0, 0, 0, 0, 0, NULL, NULL),
(203, 'dvrxvjeueec', 'nwgqadfzlnx@hotmails.com', 'ba740846f24965bf13f6f1c151e3592fbf2a1d5d', 'dvrxvjeueec', '0', '0', '2014-12-22', NULL, NULL, NULL, NULL, NULL, NULL, 0, 0, 0, 0, 0, 0, NULL, NULL),
(204, 'carminetode', 'carminewemn@mail.ru', '9eda585cf9ea1251f40947b54730b210c0c3d19c', 'CarmineTode', '0', '0', '2014-12-22', NULL, NULL, NULL, NULL, NULL, NULL, 0, 0, 0, 0, 0, 0, NULL, NULL),
(205, 'emmaleighgo', 'xybaqerutuv@yahoo.com', 'ce6e487832813b810fd4b0e8905f3b05a15b2a99', 'EmmaLeighGo', '0', '0', '2014-12-22', NULL, NULL, NULL, NULL, NULL, NULL, 0, 0, 0, 0, 0, 0, NULL, NULL),
(206, 'bshurbbunc', 'billincoft@outlook.com', '5611834451ad8ad5614bdd2650f4636cfa313589', 'Bshurbbunc', '0', '0', '2014-12-22', NULL, NULL, NULL, NULL, NULL, NULL, 0, 0, 0, 0, 0, 0, NULL, NULL),
(207, 'michaelfal', 'zelllla@yandex.com', 'b5b237bfb8e2631da5de4844a119b485df4d34f1', 'Michaelfal', '0', '0', '2014-12-22', NULL, NULL, NULL, NULL, NULL, NULL, 0, 0, 0, 0, 0, 0, NULL, NULL),
(208, 'nanitaluckyy', 'billyfbernadette6@mail.ru', 'cd54c96af1144afde98decd00b6f634b906a5a03', 'NanitaLuckyY', '0', '0', '2014-12-22', NULL, NULL, NULL, NULL, NULL, NULL, 0, 0, 0, 0, 0, 0, NULL, NULL),
(209, 'kwvyyfsnenn', 'shlqaqvlkng@hotmails.com', 'ba740846f24965bf13f6f1c151e3592fbf2a1d5d', 'kwvyyfsnenn', '0', '0', '2014-12-22', NULL, NULL, NULL, NULL, NULL, NULL, 0, 0, 0, 0, 0, 0, NULL, NULL),
(210, 'quonseemolo', 'zolozilkreewko@outlook.com', '89662e415766b2526e902c40784225fa24377fc4', 'Quonseemolo', '0', '0', '2014-12-22', NULL, NULL, NULL, NULL, NULL, NULL, 0, 0, 0, 0, 0, 0, NULL, NULL),
(211, 'arrgincey', 'etigaflo1981@yandex.com', '6a7a8df5ff934b957018b715d118875229137650', 'Arrgincey', '0', '0', '2014-12-22', NULL, NULL, NULL, NULL, NULL, NULL, 0, 0, 0, 0, 0, 0, NULL, NULL),
(212, 'burtoncelp', 'maclaren495helene@hotmail.com', '34ad06c0eff26e027f164b2e8838fc5297704eb6', 'BurtonCelp', '0', '0', '2014-12-22', NULL, NULL, NULL, NULL, NULL, NULL, 0, 0, 0, 0, 0, 0, NULL, NULL),
(213, 'donaldhat', 'abdislomi1973@freemoney.pw', '702269097e33997dcc64db4c08e5c6f9e7b4ee54', 'DonaldHat', '0', '0', '2014-12-22', NULL, NULL, NULL, NULL, NULL, NULL, 0, 0, 0, 0, 0, 0, NULL, NULL),
(214, 'walteren', 'walterdarp@outlook.com', 'f83d54f33c5e8c37770b0219e4fcb2c18fcccc06', 'Walteren', '0', '0', '2014-12-22', NULL, NULL, NULL, NULL, NULL, NULL, 0, 0, 0, 0, 0, 0, NULL, NULL),
(215, 'resitet', 'efutjdw@01hosting.biz', '0742ea7938514e93edf860a2d2a6fc95ba466cfc', 'resitet', '0', '0', '2014-12-22', NULL, NULL, NULL, NULL, NULL, NULL, 0, 0, 0, 0, 0, 0, NULL, NULL),
(216, 'writermiva', 'writercof@outlook.com', '80171c08b83838cb7ffff68dc03fa4d3bfb4302d', 'Writermiva', '0', '0', '2014-12-22', NULL, NULL, NULL, NULL, NULL, NULL, 0, 0, 0, 0, 0, 0, NULL, NULL),
(217, 'quihosof', 'quihourika@outlook.com', 'abae5babb9a1df92622f538b77d087c5b6e2affc', 'QuihoSOF', '0', '0', '2014-12-22', NULL, NULL, NULL, NULL, NULL, NULL, 0, 0, 0, 0, 0, 0, NULL, NULL),
(218, 'michaelki', 'Mr@ewnfu.com', 'bdcea8114cefaf0b92540fa58b950e2955346425', 'Michaelki', '0', '0', '2014-12-22', NULL, NULL, NULL, NULL, NULL, NULL, 0, 0, 0, 0, 0, 0, NULL, NULL),
(219, 'dennyoi', 'uondofree@yandex.com', '38ef84b2e3a6370d154d6344ce6caaf3780cb3eb', 'dennyoi', '0', '0', '2014-12-22', NULL, NULL, NULL, NULL, NULL, NULL, 0, 0, 0, 0, 0, 0, NULL, NULL),
(220, 'febdrfqyh', 'sonap88c@hotmail.com', '6f592248a13ffc6c7fcedd953836f497bc75fc1b', 'Febdrfqyh', '0', '0', '2014-12-22', NULL, NULL, NULL, NULL, NULL, NULL, 0, 0, 0, 0, 0, 0, NULL, NULL),
(221, 'kennethki', 'fffzjjzffzzz@outlook.com', '6ce4406d725d005af38d77576008c8cd5e1b443b', 'Kennethki', '0', '0', '2014-12-22', NULL, NULL, NULL, NULL, NULL, NULL, 0, 0, 0, 0, 0, 0, NULL, NULL),
(222, 'lspieqgrzh', 'DazzlingJuice258@mail.ru', '09f583f7d4cde8e9c858428338f820b780163756', 'lspieqgrzh', '0', '0', '2014-12-22', NULL, NULL, NULL, NULL, NULL, NULL, 0, 0, 0, 0, 0, 0, NULL, NULL),
(223, 'romansktt', 'romansktt@mail.ru', '802af147817b43098ef3e1e2f6a715b9cc355319', 'RomanskTT', '0', '0', '2014-12-22', NULL, NULL, NULL, NULL, NULL, NULL, 0, 0, 0, 0, 0, 0, NULL, NULL),
(224, 'donaldpype', 'diuuxzyw@acnesen.ga', 'd341004601e2289464ccf8a0c58f0651c80b7183', 'Donaldpype', '0', '0', '2014-12-22', NULL, NULL, NULL, NULL, NULL, NULL, 0, 0, 0, 0, 0, 0, NULL, NULL),
(225, 'leonardfup', 'trompok_dimitar_1990@tpobaba.com', 'f4297cec291eadf0ffc774ba8929039a0b730871', 'Leonardfup', '0', '0', '2014-12-23', NULL, NULL, NULL, NULL, NULL, NULL, 0, 0, 0, 0, 0, 0, NULL, NULL),
(226, 'josephkl', 'roklongopop@yandex.com', '44217c2d10fad4a0ae4cb55a424894ad606f3322', 'Josephkl', '0', '0', '2014-12-23', NULL, NULL, NULL, NULL, NULL, NULL, 0, 0, 0, 0, 0, 0, NULL, NULL),
(227, 'bryanttaft', 'trevorfus@outlook.com', 'e144b20fe73e8b70d28086d5fdd23ca18995f1ff', 'BryantTaFt', '0', '0', '2014-12-23', NULL, NULL, NULL, NULL, NULL, NULL, 0, 0, 0, 0, 0, 0, NULL, NULL),
(228, 'matthewlugh', 'ashlin010tamara@hotmail.com', '27645d42b7786c4139a88b019319566440e97c16', 'MatthewLugh', '0', '0', '2014-12-23', NULL, NULL, NULL, NULL, NULL, NULL, 0, 0, 0, 0, 0, 0, NULL, NULL),
(229, 'wilbertdow', 'dimitar_osmund_1988@tpobaba.com', 'bdbf8fb9add45b44e7cdd7e7d534ea94c791364e', 'WilbertDow', '0', '0', '2014-12-23', NULL, NULL, NULL, NULL, NULL, NULL, 0, 0, 0, 0, 0, 0, NULL, NULL),
(230, 'richardmn', 'ingvar_wenzel_1984@tpobaba.com', '473e8e80246e2e0725fb889eb0746370f024b3ad', 'Richardmn', '0', '0', '2014-12-23', NULL, NULL, NULL, NULL, NULL, NULL, 0, 0, 0, 0, 0, 0, NULL, NULL),
(231, 'hoappoimi', 'formyselfymycat@outlook.com', '89662e415766b2526e902c40784225fa24377fc4', 'hoappoimi', '0', '0', '2014-12-23', NULL, NULL, NULL, NULL, NULL, NULL, 0, 0, 0, 0, 0, 0, NULL, NULL),
(232, 'pribibereurne', 'mingxing22@outlook.com', 'dbbd107e4f115795bc4907e7f12d7c4658478bf3', 'Pribibereurne', '0', '0', '2014-12-23', NULL, NULL, NULL, NULL, NULL, NULL, 0, 0, 0, 0, 0, 0, NULL, NULL),
(233, 'ko4evnikon', 'alina.m0lina2014@gmail.com', '6085ac1bd5fdbc9a2f7575dabb0c870785ef49e5', 'Ko4evnikOn', '0', '0', '2014-12-23', NULL, NULL, NULL, NULL, NULL, NULL, 0, 0, 0, 0, 0, 0, NULL, NULL),
(234, 'robertkt', 'roberterer@mail.ru', '8bd8dc3164029af080378f71acfd811c3dc67182', 'Robertkt', '0', '0', '2014-12-23', NULL, NULL, NULL, NULL, NULL, NULL, 0, 0, 0, 0, 0, 0, NULL, NULL),
(235, 'robertlype', 'stonefield005shawnna@hotmail.com', 'cedf0c5d665706ca8306d94865d941f78a3392d6', 'Robertlype', '0', '0', '2014-12-23', NULL, NULL, NULL, NULL, NULL, NULL, 0, 0, 0, 0, 0, 0, NULL, NULL),
(236, 'redadideintonka', 'redastewhoithka@outlook.com', '20ca53823fea839c2c56fafad1c2e97d2a069279', 'redaDideintonka', '0', '0', '2014-12-23', NULL, NULL, NULL, NULL, NULL, NULL, 0, 0, 0, 0, 0, 0, NULL, NULL),
(237, 'patrickjap', 'patrickdexer@yandex.ru', '8bf00c4a2597c4379bb1166849b34a55ce766c2b', 'Patrickjap', '0', '0', '2014-12-23', NULL, NULL, NULL, NULL, NULL, NULL, 0, 0, 0, 0, 0, 0, NULL, NULL),
(238, 'kreeddjaxeel', 'kreeddjaxeel@outlook.com', '489e8f773a6669cd0f211270708b789e89e5e94f', 'kreeddjaxeel', '0', '0', '2014-12-23', NULL, NULL, NULL, NULL, NULL, NULL, 0, 0, 0, 0, 0, 0, NULL, NULL),
(239, 'albertsors', 'hhbelan@gmail.com', 'b228bcbd4fc0ad7b1ca8e5be38a3619ca4a351c2', 'Albertsors', '0', '0', '2014-12-23', NULL, NULL, NULL, NULL, NULL, NULL, 0, 0, 0, 0, 0, 0, NULL, NULL),
(240, 'curtislob', 'curtisfulp@outlook.com', '3cfd79f7eac4fd7a1199908ebc8fb74d04c944b1', 'Curtislob', '0', '0', '2014-12-23', NULL, NULL, NULL, NULL, NULL, NULL, 0, 0, 0, 0, 0, 0, NULL, NULL),
(241, 'jeffreysr', 'karemj1553@outlook.com', 'c787b1a3d41385ee91109d774ed703afb97ac05f', 'JeffreySr', '0', '0', '2014-12-23', NULL, NULL, NULL, NULL, NULL, NULL, 0, 0, 0, 0, 0, 0, NULL, NULL),
(242, 'edwardcurf', 'edwardbrak@outlook.com', '39c73e60ca5deda597ae5cffe1e0d2456718f216', 'Edwardcurf', '0', '0', '2014-12-23', NULL, NULL, NULL, NULL, NULL, NULL, 0, 0, 0, 0, 0, 0, NULL, NULL),
(243, 'melvinalalt', 'melvinextife@outlook.com', 'df22801488249d383b39d49791101650a50c3f30', 'MelvinAlalt', '0', '0', '2014-12-23', NULL, NULL, NULL, NULL, NULL, NULL, 0, 0, 0, 0, 0, 0, NULL, NULL),
(244, 'ricardofat', 'mcphearson.brady@o2.pl', 'b0bc8d34d399329a6f4a5fbeda3a01c566da0c94', 'RicardoFat', '0', '0', '2014-12-23', NULL, NULL, NULL, NULL, NULL, NULL, 0, 0, 0, 0, 0, 0, NULL, NULL),
(245, 'drkoxisfut', 'unlaos.misesa@yandex.com', '80de0f4b96b3f76b2a069aca2a228d734de23d41', 'DrKoxisfut', '0', '0', '2014-12-23', NULL, NULL, NULL, NULL, NULL, NULL, 0, 0, 0, 0, 0, 0, NULL, NULL),
(246, 'hiltonwek', 'hiltonevop@mail.ru', 'fd8634a0f6d71dd32a6187dc0186410fa0eca6fa', 'Hiltonwek', '0', '0', '2014-12-23', NULL, NULL, NULL, NULL, NULL, NULL, 0, 0, 0, 0, 0, 0, NULL, NULL),
(247, 'karinadt18', 'josefinaio20@manmail313.inxes.in', '633a233c8575f954f7e09f48bae91ef51d1ddc5f', 'karinadt18', '0', '0', '2014-12-23', NULL, NULL, NULL, NULL, NULL, NULL, 0, 0, 0, 0, 0, 0, NULL, NULL),
(248, 'mondiesiz', 'mondietns@mail.ru', '8d42e30e9baf50522747b52bd73ed80c6ad0bbb6', 'MondieSiz', '0', '0', '2014-12-23', NULL, NULL, NULL, NULL, NULL, NULL, 0, 0, 0, 0, 0, 0, NULL, NULL),
(249, 'ernestei', 'ernestmync@mail.ru', 'fab3cd830d5d38522f36a48bb3f3f03f609e946f', 'Ernestei', '0', '0', '2014-12-23', NULL, NULL, NULL, NULL, NULL, NULL, 0, 0, 0, 0, 0, 0, NULL, NULL),
(250, 'darrellsow', 'cutaphagu1988@yandex.ru', '549635b8845bcd73e02dc8606e7343f553442d5a', 'DarrellsoW', '0', '0', '2014-12-23', NULL, NULL, NULL, NULL, NULL, NULL, 0, 0, 0, 0, 0, 0, NULL, NULL),
(251, 'alfuabug', 'alfuachag@mail.ru', 'c3825bc58cb262dcef96c9fd831f05f56307d09a', 'AlfuaBug', '0', '0', '2014-12-23', NULL, NULL, NULL, NULL, NULL, NULL, 0, 0, 0, 0, 0, 0, NULL, NULL),
(252, 'luckyvarka', 'lesska9398@mail.ru', 'a4940877a2550cd45387b648118ab0fd0a2e0723', 'LuckyVarka', '0', '0', '2014-12-23', NULL, NULL, NULL, NULL, NULL, NULL, 0, 0, 0, 0, 0, 0, NULL, NULL),
(253, 'arthurnuro', 'arthurhet@yandex.ru', '3e7c8c5a2fae02d2187d46cad9741e1e72c7c42c', 'ArthurNuro', '0', '0', '2014-12-23', NULL, NULL, NULL, NULL, NULL, NULL, 0, 0, 0, 0, 0, 0, NULL, NULL),
(254, 'carmelomunk', 'dfklugleek@outlook.com', '981642a01ee1eb6220949f23931ecfed9394eff5', 'CarmeloMunk', '0', '0', '2014-12-23', NULL, NULL, NULL, NULL, NULL, NULL, 0, 0, 0, 0, 0, 0, NULL, NULL),
(255, 'phatpn', 'millowgisa@yandex.com', '433819f64cbf2e36be57e62101c19278587b43a7', 'phatpn', '0', '0', '2014-12-23', NULL, NULL, NULL, NULL, NULL, NULL, 0, 0, 0, 0, 0, 0, NULL, NULL),
(256, 'hoastjuttub', 'frostcrusherusac@outlook.com', '89662e415766b2526e902c40784225fa24377fc4', 'Hoastjuttub', '0', '0', '2014-12-23', NULL, NULL, NULL, NULL, NULL, NULL, 0, 0, 0, 0, 0, 0, NULL, NULL),
(257, 'telema', 'telehob@outlook.com', '581a6fd532b886976ccbdb7f73ae83863be153c9', 'Telema', '0', '0', '2014-12-23', NULL, NULL, NULL, NULL, NULL, NULL, 0, 0, 0, 0, 0, 0, NULL, NULL),
(258, 'asuqytrau', 'mortkidbeckder1977@yandex.com', 'f04efa847ba944da48067a6c7df8f16aa59b15df', 'Asuqytrau', '0', '0', '2014-12-23', NULL, NULL, NULL, NULL, NULL, NULL, 0, 0, 0, 0, 0, 0, NULL, NULL),
(259, 'jqsjydzxk', 'kevinpr71@hotmail.com', '6f592248a13ffc6c7fcedd953836f497bc75fc1b', 'Jqsjydzxk', '0', '0', '2014-12-23', NULL, NULL, NULL, NULL, NULL, NULL, 0, 0, 0, 0, 0, 0, NULL, NULL),
(260, 'insilliamchak', 'mutumsaybatkarnihai@outlook.com', 'dd84fe7581ae71c8a57af4906e27d44f798f34ce', 'insilliamchak', '0', '0', '2014-12-23', NULL, NULL, NULL, NULL, NULL, NULL, 0, 0, 0, 0, 0, 0, NULL, NULL),
(261, 'justintalp', 'stive.jobson@yandex.com', 'cfcb29afd5a168119cb9836098afa6b83c899dec', 'Justintalp', '0', '0', '2014-12-23', NULL, NULL, NULL, NULL, NULL, NULL, 0, 0, 0, 0, 0, 0, NULL, NULL),
(262, 'danielvep', 'zorns597maryland@hotmail.com', '4e562acab421198461bf0b79a670ba3c074bbaeb', 'Danielvep', '0', '0', '2014-12-23', NULL, NULL, NULL, NULL, NULL, NULL, 0, 0, 0, 0, 0, 0, NULL, NULL),
(263, 'lowellhor', 'longstreth905kerr@hotmail.com', 'c194cd39d4c1fa986b41cfac68e697687b181dea', 'LowellHor', '0', '0', '2014-12-23', NULL, NULL, NULL, NULL, NULL, NULL, 0, 0, 0, 0, 0, 0, NULL, NULL),
(264, 'momoudity', 'kengsaichung@yandex.com', '1d2c1c96db55ab49b071796085c3d36e51c364ac', 'momoudity', '0', '0', '2014-12-23', NULL, NULL, NULL, NULL, NULL, NULL, 0, 0, 0, 0, 0, 0, NULL, NULL),
(265, 'michaelea', 'michaelpex@outlook.com', '3747a8ac35c9209d151abe1b63cff7fd2cb15faf', 'MichaelEa', '0', '0', '2014-12-23', NULL, NULL, NULL, NULL, NULL, NULL, 0, 0, 0, 0, 0, 0, NULL, NULL),
(266, 'stevenbowl', 'stevenvep@mail.ru', 'cd963c3e5f36fcc81e36aaafcd6533c4f3e8a508', 'StevenBowl', '0', '0', '2014-12-23', NULL, NULL, NULL, NULL, NULL, NULL, 0, 0, 0, 0, 0, 0, NULL, NULL),
(267, 'douglasol', 'douglasei@outlook.com', 'd213dd792712c76339fddefc3e4a70b9fa3ca023', 'DouglasOl', '0', '0', '2014-12-23', NULL, NULL, NULL, NULL, NULL, NULL, 0, 0, 0, 0, 0, 0, NULL, NULL);

-- --------------------------------------------------------

--
-- Table structure for table `user_files`
--

DROP TABLE IF EXISTS `user_files`;
CREATE TABLE IF NOT EXISTS `user_files` (
  `file_id` int(11) NOT NULL AUTO_INCREMENT,
  `user_id` int(11) NOT NULL,
  `filename` varchar(40) COLLATE utf8_unicode_ci NOT NULL,
  `dt_added` datetime DEFAULT NULL,
  `mime_type` varchar(20) COLLATE utf8_unicode_ci NOT NULL,
  `file_content` blob,
  `file_size` varchar(40) COLLATE utf8_unicode_ci DEFAULT NULL,
  PRIMARY KEY (`file_id`)
) ENGINE=InnoDB DEFAULT CHARSET=utf8 COLLATE=utf8_unicode_ci AUTO_INCREMENT=1 ;

/*!40101 SET CHARACTER_SET_CLIENT=@OLD_CHARACTER_SET_CLIENT */;
/*!40101 SET CHARACTER_SET_RESULTS=@OLD_CHARACTER_SET_RESULTS */;
/*!40101 SET COLLATION_CONNECTION=@OLD_COLLATION_CONNECTION */;
